Source,Target
0,3
0,6
0,18
0,54
0,84
0,102
0,129
0,520
0,632
1,444
2,3
2,5
2,12
2,48
2,309
2,614
3,0
3,2
3,4
3,7
3,9
3,11
3,12
3,13
3,14
3,16
3,18
3,19
3,22
3,24
3,26
3,27
3,28
3,29
3,30
3,31
3,32
3,33
3,34
3,35
3,36
3,37
3,38
3,41
3,42
3,45
3,47
3,49
3,51
3,52
3,54
3,55
3,56
3,57
3,58
3,59
3,62
3,65
3,68
3,70
3,71
3,74
3,76
3,77
3,78
3,79
3,81
3,83
3,84
3,86
3,88
3,89
3,90
3,91
3,92
3,94
3,96
3,97
3,98
3,99
3,101
3,103
3,106
3,110
3,113
3,114
3,117
3,118
3,119
3,120
3,121
3,122
3,123
3,124
3,127
3,128
3,130
3,132
3,133
3,134
3,139
3,140
3,143
3,145
3,147
3,148
3,150
3,151
3,154
3,155
3,157
3,159
3,160
3,161
3,165
3,167
3,168
3,171
3,173
3,174
3,176
3,177
3,180
3,183
3,185
3,186
3,188
3,189
3,192
3,195
3,196
3,197
3,198
3,199
3,202
3,204
3,207
3,209
3,212
3,215
3,219
3,220
3,221
3,222
3,225
3,226
3,227
3,228
3,229
3,233
3,235
3,236
3,238
3,240
3,245
3,248
3,249
3,251
3,255
3,258
3,262
3,265
3,267
3,271
3,272
3,275
3,276
3,279
3,280
3,281
3,283
3,287
3,292
3,295
3,307
3,308
3,309
3,311
3,312
3,317
3,318
3,320
3,323
3,333
3,334
3,351
3,353
3,359
3,360
3,364
3,366
3,368
3,369
3,376
3,381
3,385
3,387
3,388
3,390
3,398
3,399
3,400
3,403
3,407
3,409
3,413
3,416
3,422
3,423
3,428
3,439
3,440
3,444
3,449
3,456
3,458
3,459
3,464
3,474
3,481
3,485
3,487
3,488
3,495
3,496
3,500
3,503
3,506
3,507
3,514
3,518
3,520
3,523
3,527
3,535
3,536
3,544
3,545
3,548
3,549
3,554
3,556
3,559
3,561
3,565
3,566
3,569
3,575
3,593
3,594
3,596
3,598
3,599
3,607
3,608
3,614
3,616
3,618
3,619
3,641
3,642
3,661
3,663
3,665
3,666
3,667
3,668
3,671
3,676
3,683
3,685
3,686
3,687
3,690
3,696
3,697
3,699
3,702
3,703
3,705
3,707
3,709
3,718
3,739
3,751
3,755
3,765
3,767
3,773
3,784
3,792
3,794
3,795
3,797
3,801
3,802
3,811
3,814
3,820
3,825
3,826
3,830
3,836
3,839
3,842
3,845
3,852
3,863
3,865
3,866
3,868
3,875
3,876
3,882
3,884
3,887
3,895
3,898
3,900
3,910
3,912
3,928
3,929
3,936
3,937
3,941
3,946
3,961
3,962
3,964
3,967
3,972
3,977
3,979
3,980
3,981
3,984
3,986
3,987
3,989
3,990
3,996
3,997
4,3
5,2
5,15
5,23
5,84
5,284
5,977
6,0
6,55
6,72
7,3
7,15
7,34
7,37
7,84
7,90
7,99
7,121
7,218
7,362
7,792
7,829
8,83
8,90
8,118
8,134
8,385
8,608
9,3
10,19
10,84
10,225
10,252
10,415
11,3
11,20
11,27
11,29
11,61
11,141
11,614
12,2
12,3
12,15
12,21
12,22
12,30
12,31
12,52
12,59
12,98
12,100
12,124
12,160
12,172
12,179
12,273
12,297
12,381
12,794
13,3
13,81
13,111
13,153
13,222
13,555
13,869
14,3
14,439
15,5
15,7
15,12
15,18
15,19
15,23
15,28
15,37
15,44
15,49
15,61
15,69
15,88
15,107
15,111
15,114
15,190
15,201
15,202
15,215
15,219
15,235
15,237
15,249
15,267
15,297
15,345
15,356
15,373
15,384
15,388
15,417
15,422
15,433
15,455
15,471
15,513
15,555
15,580
15,703
15,771
15,781
15,857
15,862
15,920
15,944
15,945
15,959
15,975
15,997
16,3
17,106
17,129
17,134
17,790
17,913
18,0
18,3
18,15
18,34
18,35
18,42
18,48
18,50
18,55
18,69
18,79
18,110
18,123
18,125
18,134
18,143
18,150
18,187
18,198
18,238
18,242
18,258
18,310
18,325
18,333
18,335
18,343
18,348
18,371
18,443
18,467
18,642
18,759
18,772
18,777
18,856
18,860
18,898
18,915
18,930
18,961
18,965
18,982
18,993
19,3
19,10
19,15
19,34
19,49
19,59
19,65
19,127
19,144
19,194
19,246
19,294
19,369
19,370
19,489
19,513
19,551
19,678
19,849
19,892
20,11
20,63
20,113
20,344
20,614
20,752
21,12
21,88
21,578
22,3
22,12
22,52
22,126
22,189
22,234
23,5
23,15
23,24
23,116
23,200
24,3
24,23
24,27
24,31
24,49
24,228
24,334
24,341
24,371
24,431
24,443
24,521
24,654
24,677
24,838
25,37
25,69
25,126
25,189
25,208
25,212
25,264
25,839
26,3
27,3
27,11
27,24
27,64
27,69
27,87
27,105
27,108
27,118
27,143
27,151
27,163
27,169
27,207
27,256
27,260
27,335
27,387
27,462
27,632
27,872
27,891
28,3
28,15
28,63
28,160
28,167
28,187
29,3
29,11
29,37
29,42
29,49
29,71
29,83
29,89
29,101
29,118
29,132
29,253
29,281
29,331
29,394
29,414
29,422
29,424
29,487
29,598
29,829
29,854
29,869
29,909
29,972
29,974
29,985
29,995
30,3
30,12
30,37
30,79
30,96
30,179
30,236
30,243
30,396
30,549
31,3
31,12
31,24
31,67
31,126
31,422
32,3
32,52
32,115
33,3
33,614
34,3
34,7
34,18
34,19
34,43
34,51
34,57
34,60
34,75
34,76
34,77
34,80
34,91
34,96
34,104
34,107
34,121
34,137
34,165
34,167
34,198
34,203
34,210
34,218
34,239
34,262
34,300
34,309
34,315
34,333
34,389
34,392
34,405
34,414
34,423
34,435
34,462
34,465
34,533
34,559
34,562
34,565
34,624
34,649
34,684
34,715
34,728
34,864
34,912
34,967
34,983
35,3
35,18
35,150
36,3
37,3
37,7
37,15
37,25
37,29
37,30
37,38
37,40
37,42
37,44
37,47
37,54
37,55
37,56
37,67
37,69
37,73
37,77
37,81
37,95
37,100
37,105
37,108
37,109
37,116
37,118
37,120
37,125
37,130
37,143
37,146
37,148
37,169
37,170
37,177
37,189
37,201
37,215
37,225
37,228
37,235
37,251
37,253
37,254
37,258
37,266
37,270
37,275
37,279
37,280
37,291
37,301
37,304
37,326
37,327
37,338
37,340
37,341
37,371
37,376
37,378
37,388
37,389
37,390
37,408
37,410
37,424
37,428
37,441
37,455
37,480
37,481
37,483
37,486
37,496
37,503
37,534
37,561
37,564
37,569
37,574
37,578
37,587
37,598
37,613
37,668
37,678
37,683
37,692
37,723
37,725
37,740
37,750
37,752
37,753
37,795
37,799
37,852
37,856
37,880
37,916
37,920
37,921
37,945
37,949
37,958
37,963
37,968
37,977
37,983
38,3
38,37
38,181
38,433
39,76
39,233
39,235
39,331
39,367
39,580
39,726
40,37
40,64
40,158
40,443
40,524
41,3
42,3
42,18
42,29
42,37
42,43
42,60
42,105
42,110
42,119
42,124
42,128
42,132
42,138
42,157
42,171
42,188
42,199
42,252
42,269
42,278
42,291
42,304
42,306
42,316
42,326
42,331
42,345
42,349
42,401
42,403
42,410
42,412
42,421
42,426
42,427
42,428
42,467
42,471
42,495
42,500
42,505
42,514
42,553
42,581
42,589
42,632
42,645
42,665
42,709
42,720
42,732
42,764
42,813
42,862
42,887
42,889
42,926
42,943
42,950
42,966
43,34
43,42
43,83
44,15
44,37
44,67
44,146
44,204
44,433
44,603
45,3
46,188
46,396
46,854
46,940
47,3
47,37
47,60
48,2
48,18
48,173
49,3
49,15
49,19
49,24
49,29
49,61
49,62
49,63
49,76
49,80
49,90
49,103
49,108
49,113
49,116
49,129
49,134
49,152
49,157
49,161
49,164
49,173
49,179
49,182
49,212
49,213
49,218
49,223
49,225
49,226
49,260
49,274
49,283
49,285
49,298
49,302
49,303
49,314
49,318
49,329
49,354
49,364
49,383
49,414
49,416
49,429
49,457
49,480
49,485
49,518
49,528
49,557
49,564
49,565
49,588
49,597
49,600
49,656
49,660
49,664
49,735
49,738
49,740
49,765
49,779
49,788
49,791
49,841
49,854
49,866
49,868
49,884
49,894
49,905
49,923
49,952
49,961
49,987
50,18
51,3
51,34
52,3
52,12
52,22
52,32
52,78
52,85
52,86
52,87
52,96
52,99
52,103
52,113
52,142
52,143
52,162
52,168
52,175
52,185
52,192
52,221
52,233
52,260
52,326
52,430
52,439
52,460
52,472
52,529
52,532
52,595
52,601
52,606
52,609
52,611
52,622
52,645
52,665
52,680
52,685
52,710
52,749
52,806
52,936
52,984
53,213
53,244
53,384
53,423
53,685
53,777
54,0
54,3
54,37
54,77
54,146
54,220
54,829
55,3
55,6
55,18
55,37
55,60
55,68
55,83
55,86
55,100
55,124
55,129
55,145
55,171
55,188
55,221
55,238
55,240
55,247
55,314
55,335
55,344
55,438
55,488
55,512
55,569
55,612
55,762
55,793
55,827
55,861
55,950
56,3
56,37
56,66
56,74
56,98
56,306
57,3
57,34
57,141
57,142
57,162
57,442
57,519
57,724
57,805
57,867
58,3
58,452
59,3
59,12
59,19
59,81
59,187
59,228
59,312
59,344
59,421
60,34
60,42
60,47
60,55
60,129
60,171
60,173
60,239
60,310
60,370
60,447
60,502
60,518
60,560
60,577
60,612
60,642
60,653
60,673
60,676
60,708
60,712
60,767
60,956
61,11
61,15
61,49
61,69
61,128
61,167
61,168
61,214
61,225
61,309
61,374
61,384
61,418
61,455
61,491
61,513
61,625
61,646
61,723
62,3
62,49
62,127
62,259
62,279
62,346
62,361
62,565
62,774
63,20
63,28
63,49
63,83
63,99
63,234
63,688
64,27
64,40
64,449
65,3
65,19
65,214
66,56
66,224
66,264
66,357
66,574
66,869
67,31
67,37
67,44
67,115
67,229
67,253
67,349
67,374
67,468
67,504
67,537
67,697
67,897
68,3
68,55
68,112
69,15
69,18
69,25
69,27
69,37
69,61
69,78
69,80
69,88
69,104
69,114
69,121
69,128
69,136
69,137
69,150
69,153
69,165
69,168
69,196
69,202
69,205
69,209
69,214
69,238
69,254
69,255
69,256
69,262
69,277
69,286
69,293
69,308
69,309
69,313
69,319
69,342
69,346
69,357
69,362
69,364
69,375
69,376
69,400
69,422
69,467
69,469
69,474
69,486
69,509
69,574
69,602
69,604
69,623
69,625
69,647
69,651
69,660
69,676
69,688
69,705
69,706
69,735
69,745
69,747
69,750
69,786
69,855
69,882
69,897
69,910
69,947
69,980
70,3
71,3
71,29
71,162
71,299
71,740
72,6
73,37
73,80
73,116
73,189
73,235
73,260
73,262
73,285
73,486
73,513
73,739
74,3
74,56
74,127
74,186
74,455
74,593
74,669
74,710
74,846
75,34
75,84
75,222
75,483
76,3
76,34
76,39
76,49
76,80
76,82
76,94
76,95
76,108
76,109
76,124
76,161
76,171
76,189
76,223
76,231
76,244
76,256
76,465
76,524
76,580
76,729
76,808
76,818
76,845
76,870
77,3
77,34
77,37
77,54
77,131
77,134
77,268
77,483
77,599
77,612
77,649
77,790
77,819
78,3
78,52
78,69
78,96
78,113
78,117
78,177
78,235
78,237
78,361
78,488
78,608
78,660
78,726
78,980
79,3
79,18
79,30
79,121
79,172
79,391
79,392
79,452
79,463
79,740
80,34
80,49
80,69
80,73
80,76
80,106
80,122
80,129
80,157
80,186
80,195
80,205
80,225
80,242
80,249
80,265
80,275
80,302
80,376
80,379
80,448
80,483
80,502
80,520
80,533
80,553
80,573
80,579
80,597
80,604
80,610
80,680
80,684
80,696
80,711
80,737
80,751
80,753
80,776
80,802
80,805
80,842
80,846
80,901
81,3
81,13
81,37
81,59
81,358
81,394
81,407
81,426
81,469
81,567
81,938
81,939
82,76
83,3
83,8
83,29
83,43
83,55
83,63
83,90
83,97
83,106
83,120
83,125
83,143
83,144
83,151
83,154
83,157
83,166
83,171
83,176
83,213
83,223
83,226
83,227
83,229
83,270
83,280
83,283
83,339
83,343
83,346
83,350
83,384
83,395
83,418
83,485
83,486
83,503
83,521
83,577
83,597
83,649
83,660
83,681
83,685
83,707
83,709
83,717
83,749
83,836
83,850
83,861
83,891
83,942
84,0
84,3
84,5
84,7
84,10
84,75
84,869
84,994
85,52
85,180
85,305
85,544
86,3
86,52
86,55
87,27
87,52
87,277
87,384
87,550
88,3
88,15
88,21
88,69
88,101
88,168
88,183
88,212
88,229
88,238
88,245
88,256
88,306
88,319
88,334
88,353
88,382
88,384
88,408
88,412
88,422
88,445
88,482
88,485
88,486
88,530
88,540
88,550
88,560
88,574
88,582
88,593
88,614
88,635
88,675
88,689
88,710
88,713
88,722
88,774
88,844
88,892
88,914
88,923
88,973
88,999
89,3
89,29
89,348
90,3
90,7
90,8
90,49
90,83
90,94
90,99
90,115
90,187
90,191
90,198
90,241
90,285
90,312
90,332
90,355
90,361
90,608
90,610
90,658
90,718
90,761
90,905
90,969
91,3
91,34
91,331
91,416
92,3
93,228
93,467
93,536
93,824
93,992
94,3
94,76
94,90
94,237
94,261
94,624
95,37
95,76
96,3
96,30
96,34
96,52
96,78
96,138
96,188
96,199
96,205
96,207
96,214
96,218
96,234
96,269
96,279
96,285
96,301
96,325
96,332
96,344
96,500
96,504
96,505
96,554
96,565
96,660
96,675
96,680
96,780
96,797
96,860
96,898
96,953
97,3
97,83
98,3
98,12
98,56
98,217
98,254
98,333
98,354
98,421
98,473
98,603
98,902
99,3
99,7
99,52
99,63
99,90
99,102
99,111
99,151
99,207
99,224
99,226
99,244
99,258
99,282
99,310
99,317
99,331
99,380
99,385
99,392
99,397
99,405
99,411
99,417
99,425
99,429
99,479
99,501
99,524
99,567
99,628
99,636
99,638
99,679
99,705
99,747
99,789
99,790
99,838
99,852
99,880
99,903
99,928
99,929
100,12
100,37
100,55
100,270
101,3
101,29
101,88
101,274
101,340
102,0
102,99
102,511
103,3
103,49
103,52
103,279
103,433
103,512
103,651
103,902
104,34
104,69
105,27
105,37
105,42
105,179
105,213
105,254
105,316
105,362
105,503
105,551
105,966
106,3
106,17
106,80
106,83
106,177
106,311
106,447
106,455
106,552
106,799
106,847
106,882
106,934
106,960
106,965
107,15
107,34
107,612
108,27
108,37
108,49
108,76
108,154
108,167
108,193
108,218
109,37
109,76
109,116
109,173
109,264
109,694
109,763
109,825
110,3
110,18
110,42
110,118
110,125
110,202
110,420
110,537
111,13
111,15
111,99
111,192
111,420
112,68
113,3
113,20
113,49
113,52
113,78
113,293
113,322
113,410
113,436
113,581
113,584
113,880
113,939
114,3
114,15
114,69
114,115
114,435
114,753
114,813
115,32
115,67
115,90
115,114
115,152
115,155
115,158
115,224
115,235
115,278
115,284
115,310
115,410
115,427
115,455
115,460
115,488
115,549
115,555
115,632
116,23
116,37
116,49
116,73
116,109
116,120
116,122
116,236
116,289
116,657
116,830
116,877
116,969
117,3
117,78
117,118
117,179
117,386
117,534
117,790
118,3
118,8
118,27
118,29
118,37
118,110
118,117
118,137
118,164
118,178
118,188
118,245
118,287
118,298
118,299
118,335
118,336
118,355
118,356
118,416
118,437
118,438
118,448
118,528
118,544
118,614
118,615
118,665
118,698
118,708
118,733
118,749
118,753
118,773
118,775
118,783
118,788
118,791
118,797
118,809
118,814
118,862
118,881
118,883
118,918
118,946
118,959
118,965
119,3
119,42
120,3
120,37
120,83
120,116
120,184
120,218
120,251
120,326
120,352
120,372
120,516
120,556
120,603
120,606
120,619
120,736
120,798
120,853
120,950
121,3
121,7
121,34
121,69
121,79
121,129
121,174
121,188
121,218
121,237
121,251
121,262
121,281
121,311
121,337
121,392
121,398
121,449
121,642
121,647
121,684
121,720
121,727
121,763
121,803
121,830
122,3
122,80
122,116
122,757
122,956
123,3
123,18
123,742
123,868
124,3
124,12
124,42
124,55
124,76
124,126
124,171
124,197
124,199
124,229
124,258
124,260
124,263
124,323
124,333
124,348
124,360
124,364
124,367
124,387
124,408
124,411
124,453
124,465
124,485
124,499
124,503
124,520
124,530
124,683
124,697
124,738
124,746
124,786
125,18
125,37
125,83
125,110
125,265
125,412
125,421
125,473
125,503
125,516
125,542
125,554
125,560
125,625
125,629
125,669
125,910
126,22
126,25
126,31
126,124
126,168
126,250
126,282
126,454
126,471
126,603
127,3
127,19
127,62
127,74
127,191
127,192
127,255
127,261
127,273
127,317
127,324
127,397
127,472
127,559
127,647
127,829
127,976
128,3
128,42
128,61
128,69
128,136
128,150
128,157
128,181
128,196
128,197
128,199
128,235
128,260
128,320
128,379
128,384
128,387
128,424
128,632
128,637
128,688
128,815
128,884
129,0
129,17
129,49
129,55
129,60
129,80
129,121
129,132
129,134
129,151
129,189
129,216
129,254
129,255
129,270
129,274
129,287
129,288
129,292
129,327
129,328
129,329
129,368
129,378
129,389
129,398
129,516
129,531
129,534
129,545
129,572
129,608
129,620
129,630
129,635
129,636
129,638
129,732
129,807
129,808
129,839
129,930
129,935
129,945
130,3
130,37
130,297
130,555
131,77
131,173
131,725
131,732
131,966
132,3
132,29
132,42
132,129
132,189
132,204
132,210
132,316
132,322
132,336
132,517
132,604
132,751
132,820
132,830
132,936
132,959
133,3
134,3
134,8
134,17
134,18
134,49
134,77
134,129
134,174
134,186
134,209
134,216
134,236
134,250
134,326
134,349
134,374
134,407
134,470
134,544
134,588
134,655
134,690
134,723
134,732
134,807
134,808
134,837
134,838
134,890
135,218
135,262
135,636
136,69
136,128
137,34
137,69
137,118
137,179
137,196
137,573
137,620
138,42
138,96
139,3
139,216
140,3
140,177
141,11
141,57
142,52
142,57
142,187
143,3
143,18
143,27
143,37
143,52
143,83
143,171
143,178
143,255
143,271
143,290
143,299
143,330
143,370
143,372
143,386
143,393
143,426
143,455
143,466
143,505
143,544
143,546
143,635
143,768
143,789
143,795
143,799
143,966
143,982
143,986
144,19
144,83
144,253
144,453
144,504
144,739
144,804
145,3
145,55
145,280
145,388
145,393
145,444
145,779
145,888
146,37
146,44
146,54
146,147
146,156
146,314
146,407
146,628
146,667
146,929
146,977
147,3
147,146
148,3
148,37
148,486
148,689
148,742
148,839
149,614
150,3
150,18
150,35
150,69
150,128
150,167
150,193
150,214
150,221
150,316
150,345
150,551
150,613
150,701
150,828
150,905
151,3
151,27
151,83
151,99
151,129
151,190
151,223
151,230
151,359
151,408
151,423
151,671
151,702
151,825
151,927
151,939
152,49
152,115
153,13
153,69
153,161
153,528
153,535
154,3
154,83
154,108
154,271
154,608
154,908
155,3
155,115
155,254
155,621
156,146
156,347
156,596
157,3
157,42
157,49
157,80
157,83
157,128
157,196
157,197
157,252
157,313
157,402
157,409
157,418
157,573
157,768
157,828
157,980
158,40
158,115
158,193
158,603
158,749
159,3
160,3
160,12
160,28
160,219
161,3
161,49
161,76
161,153
161,162
161,179
161,183
161,206
161,241
161,311
161,347
161,471
161,571
161,648
161,671
161,837
161,957
161,967
161,982
161,990
162,52
162,57
162,71
162,161
162,175
162,261
162,262
162,366
162,413
162,417
162,499
163,27
163,400
164,49
164,118
165,3
165,34
165,69
165,259
165,353
165,775
166,83
167,3
167,28
167,34
167,61
167,108
167,150
167,179
167,191
167,193
167,214
167,217
167,225
167,236
167,240
167,247
167,268
167,276
167,283
167,326
167,331
167,341
167,345
167,358
167,376
167,401
167,408
167,416
167,431
167,456
167,461
167,471
167,473
167,481
167,493
167,499
167,505
167,564
167,649
167,651
167,685
167,689
167,725
167,742
167,781
167,796
167,820
167,942
167,965
167,994
167,997
168,3
168,52
168,61
168,69
168,88
168,126
168,189
168,218
168,221
168,285
168,343
168,382
168,615
168,694
168,704
168,766
168,814
168,824
168,889
168,965
169,27
169,37
169,239
169,549
169,603
170,37
171,3
171,42
171,55
171,60
171,76
171,83
171,124
171,143
171,188
171,190
171,198
171,212
171,220
171,227
171,274
171,293
171,318
171,321
171,337
171,345
171,350
171,354
171,356
171,357
171,376
171,393
171,425
171,471
171,475
171,485
171,486
171,490
171,493
171,579
171,591
171,620
171,634
171,645
171,646
171,650
171,652
171,715
171,718
171,747
171,765
171,767
171,773
171,798
171,873
171,886
171,890
171,907
171,966
172,12
172,79
172,218
172,486
173,3
173,48
173,49
173,60
173,109
173,131
173,176
173,197
173,272
173,485
173,583
173,820
174,3
174,121
174,134
174,265
174,901
174,990
175,52
175,162
175,566
176,3
176,83
176,173
176,255
176,511
177,3
177,37
177,78
177,106
177,140
177,231
177,296
177,405
177,480
178,118
178,143
179,12
179,30
179,49
179,105
179,117
179,137
179,161
179,167
179,190
179,203
179,205
179,217
179,218
179,250
179,260
179,285
179,292
179,349
179,375
179,389
179,394
179,413
179,423
179,428
179,434
179,460
179,483
179,528
179,530
179,552
179,579
179,692
179,698
179,705
179,706
179,717
179,774
179,837
179,890
179,904
179,939
179,965
179,970
179,993
180,3
180,85
181,38
181,128
182,49
182,235
182,622
182,665
182,787
183,3
183,88
183,161
183,859
184,120
185,3
185,52
185,364
185,555
186,3
186,74
186,80
186,134
186,204
186,312
186,313
186,357
186,555
186,620
186,662
187,18
187,28
187,59
187,90
187,142
187,239
187,273
187,468
187,586
187,594
187,821
187,842
187,891
188,3
188,42
188,46
188,55
188,96
188,118
188,121
188,171
188,266
188,279
188,297
188,337
188,376
188,385
188,386
188,414
188,418
188,443
188,559
188,576
188,581
188,623
188,654
188,663
188,683
188,734
188,738
188,788
188,805
188,845
188,886
188,936
188,947
188,966
189,3
189,22
189,25
189,37
189,73
189,76
189,129
189,132
189,168
189,223
189,238
189,291
189,301
189,302
189,303
189,307
189,310
189,336
189,344
189,348
189,367
189,372
189,434
189,442
189,447
189,465
189,467
189,474
189,491
189,509
189,513
189,536
189,618
189,625
189,647
189,657
189,668
189,677
189,680
189,685
189,698
189,701
189,710
189,731
189,800
189,821
189,847
189,903
189,956
189,969
189,982
189,997
189,998
190,15
190,151
190,171
190,179
190,202
190,283
190,386
190,475
190,668
191,90
191,127
191,167
191,341
191,386
191,450
191,453
191,562
191,719
191,736
192,3
192,52
192,111
192,127
192,289
192,316
192,430
192,452
192,485
192,509
192,607
192,622
192,639
192,679
192,856
192,867
193,108
193,150
193,158
193,167
193,234
193,485
193,696
193,875
194,19
194,220
195,3
195,80
195,785
196,3
196,69
196,128
196,137
196,157
196,224
196,230
196,253
196,263
196,295
197,3
197,124
197,128
197,157
197,173
197,331
197,582
197,593
197,732
198,3
198,18
198,34
198,90
198,171
198,439
198,551
198,577
198,610
198,671
198,704
198,770
198,775
198,926
198,970
199,3
199,42
199,96
199,124
199,128
199,246
199,295
199,321
199,387
199,524
199,626
199,920
200,23
200,230
201,15
201,37
201,204
202,3
202,15
202,69
202,110
202,190
202,205
202,224
202,229
202,232
202,252
202,278
202,298
202,318
202,343
202,354
202,398
202,440
202,441
202,464
202,579
202,647
202,758
202,780
202,828
202,845
202,983
203,34
203,179
203,235
204,3
204,44
204,132
204,186
204,201
204,214
204,219
204,320
204,414
204,416
204,429
204,488
204,620
204,628
204,693
204,728
204,730
204,783
204,801
204,911
205,69
205,80
205,96
205,179
205,202
205,211
205,224
205,233
205,307
205,405
205,465
205,482
205,490
205,515
205,556
205,584
205,783
205,955
206,161
207,3
207,27
207,96
207,99
207,279
207,315
207,352
207,367
207,371
207,533
207,537
207,580
207,669
207,692
207,705
207,728
207,746
207,806
207,861
207,911
208,25
208,291
208,580
208,705
208,824
209,3
209,69
209,134
209,255
209,341
209,556
209,624
210,34
210,132
211,205
212,3
212,25
212,49
212,88
212,171
212,241
212,266
212,289
212,297
212,363
212,410
212,415
212,475
212,508
212,520
212,561
212,613
212,639
212,649
212,689
212,692
212,797
212,861
212,942
213,49
213,53
213,83
213,105
213,454
214,61
214,65
214,69
214,96
214,150
214,167
214,204
214,226
214,238
214,240
214,243
214,268
214,287
214,336
214,348
214,361
214,382
214,420
214,430
214,483
214,569
214,596
214,622
214,630
214,657
214,744
214,792
214,834
214,866
214,886
214,892
214,932
214,979
214,983
214,986
214,993
215,3
215,15
215,37
215,528
215,873
216,129
216,134
216,139
216,263
216,344
216,432
216,624
216,797
217,98
217,167
217,179
217,264
217,536
218,7
218,34
218,49
218,96
218,108
218,120
218,121
218,135
218,168
218,172
218,179
218,226
218,244
218,248
218,255
218,260
218,284
218,303
218,322
218,323
218,348
218,355
218,385
218,390
218,392
218,412
218,423
218,450
218,459
218,475
218,477
218,506
218,514
218,518
218,535
218,549
218,556
218,557
218,558
218,563
218,582
218,609
218,631
218,635
218,636
218,687
218,716
218,739
218,742
218,754
218,768
218,769
218,794
218,812
218,817
218,819
218,827
218,829
218,840
218,870
218,871
218,893
218,908
218,918
218,929
218,935
218,947
218,963
218,964
218,966
218,970
218,991
219,3
219,15
219,160
219,204
219,280
219,296
219,418
219,489
219,574
219,745
219,944
220,3
220,54
220,171
220,194
220,235
220,358
220,370
220,797
220,851
221,3
221,52
221,55
221,150
221,168
221,239
221,332
221,367
221,416
221,468
221,487
221,706
221,729
221,838
221,929
221,947
221,977
222,3
222,13
222,75
222,992
223,49
223,76
223,83
223,151
223,189
223,345
223,416
223,491
223,529
223,550
223,577
224,66
224,99
224,115
224,196
224,202
224,205
224,240
224,257
224,266
224,292
224,298
224,340
224,489
224,639
224,643
224,659
224,682
224,689
224,737
224,775
224,789
224,817
224,852
224,853
224,904
224,992
225,3
225,10
225,37
225,49
225,61
225,80
225,167
225,227
225,248
225,281
225,282
225,314
225,321
225,451
225,468
225,469
225,505
225,527
225,543
225,544
225,585
225,596
225,630
225,645
225,661
225,669
225,674
225,679
225,744
225,855
225,862
225,868
225,918
225,928
225,966
225,982
226,3
226,49
226,83
226,99
226,214
226,218
226,288
226,294
226,353
226,369
226,387
226,397
226,428
226,438
226,461
226,467
226,546
226,552
226,575
226,617
226,636
226,667
226,719
226,756
226,798
226,821
226,867
226,932
227,3
227,83
227,171
227,225
227,362
227,458
227,555
228,3
228,24
228,37
228,59
228,93
228,348
228,379
228,512
228,519
228,528
228,578
228,849
229,3
229,67
229,83
229,88
229,124
229,202
229,315
229,382
229,386
229,455
229,479
229,494
229,652
229,708
229,716
229,719
229,722
230,151
230,196
230,200
230,615
230,839
230,877
230,882
231,76
231,177
231,863
232,202
233,3
233,39
233,52
233,205
233,334
233,344
233,501
233,676
233,839
234,22
234,63
234,96
234,193
234,270
234,354
234,360
234,396
234,548
234,565
234,675
234,726
234,832
235,3
235,15
235,37
235,39
235,73
235,78
235,115
235,128
235,182
235,203
235,220
235,241
235,245
235,259
235,298
235,301
235,304
235,346
235,360
235,381
235,409
235,423
235,425
235,427
235,430
235,442
235,445
235,474
235,506
235,514
235,523
235,542
235,555
235,558
235,579
235,611
235,651
235,686
235,688
235,721
235,750
235,761
235,830
235,834
235,852
235,863
235,866
235,875
235,880
235,884
235,921
235,940
235,971
236,3
236,30
236,116
236,134
236,167
236,243
236,340
236,367
236,552
236,798
236,828
237,15
237,78
237,94
237,121
237,413
237,867
238,3
238,18
238,55
238,69
238,88
238,189
238,214
238,252
238,273
238,282
238,317
238,322
238,340
238,347
238,350
238,401
238,409
238,436
238,474
238,601
238,628
238,643
238,696
238,700
238,781
238,785
238,912
238,949
238,957
239,34
239,60
239,169
239,187
239,221
239,342
239,380
239,494
239,908
240,3
240,55
240,167
240,214
240,224
240,278
240,695
240,960
241,90
241,161
241,212
241,235
241,392
241,828
241,879
242,18
242,80
243,30
243,214
243,236
243,326
243,584
244,53
244,76
244,99
244,218
244,486
244,824
245,3
245,88
245,118
245,235
245,580
245,621
245,764
246,19
246,199
246,419
246,431
246,730
247,55
247,167
247,473
248,3
248,218
248,225
248,284
248,292
248,534
248,550
248,693
248,798
248,913
249,3
249,15
249,80
249,411
249,613
249,693
250,126
250,134
250,179
251,3
251,37
251,120
251,121
251,252
251,287
251,421
251,513
251,593
251,680
251,689
251,720
251,759
251,813
251,976
252,10
252,42
252,157
252,202
252,238
252,251
252,263
252,264
252,376
252,397
252,478
252,515
252,577
252,609
252,641
252,687
252,697
252,755
252,770
252,836
252,875
253,29
253,37
253,67
253,144
253,196
253,261
253,362
253,783
253,898
254,37
254,69
254,98
254,105
254,129
254,155
254,281
254,286
254,339
254,404
254,405
254,526
254,540
254,543
254,551
254,603
254,782
254,805
254,886
254,929
254,958
255,3
255,69
255,127
255,129
255,143
255,176
255,209
255,218
255,277
255,294
255,337
255,339
255,396
255,508
255,514
255,582
255,592
255,638
255,708
255,783
255,801
255,803
255,836
255,982
255,985
256,27
256,69
256,76
256,88
256,275
256,283
256,318
256,345
256,374
256,496
256,604
256,617
256,712
256,740
256,751
256,867
257,224
258,3
258,18
258,37
258,99
258,124
258,281
258,355
258,496
258,529
258,611
258,814
258,913
258,995
259,62
259,165
259,235
259,298
259,718
260,27
260,49
260,52
260,73
260,124
260,128
260,179
260,218
260,261
260,291
260,295
260,399
260,406
260,434
260,495
260,500
260,506
260,514
260,533
260,551
260,563
260,645
260,651
260,694
260,741
260,750
260,753
260,793
260,808
260,818
260,826
260,882
260,948
261,94
261,127
261,162
261,253
261,260
261,306
261,586
262,3
262,34
262,69
262,73
262,121
262,135
262,162
262,308
262,381
262,393
262,446
262,479
262,486
262,487
262,739
262,938
262,963
263,124
263,196
263,216
263,252
263,381
263,441
263,484
263,497
263,675
263,765
263,938
264,25
264,66
264,109
264,217
264,252
264,650
264,699
264,720
264,801
264,887
265,3
265,80
265,125
265,174
265,419
265,503
265,521
265,531
265,712
265,769
266,37
266,188
266,212
266,224
266,274
266,309
266,327
266,392
266,429
266,770
266,816
267,3
267,15
267,489
268,77
268,167
268,214
268,685
269,42
269,96
270,37
270,83
270,100
270,129
270,234
270,284
270,300
270,342
270,347
270,365
270,392
270,575
270,618
270,619
270,681
270,711
270,827
270,953
270,960
271,3
271,143
271,154
271,922
272,3
272,173
272,373
272,424
273,12
273,127
273,187
273,238
273,325
273,528
273,673
274,49
274,101
274,129
274,171
274,266
274,484
274,494
274,749
274,766
275,3
275,37
275,80
275,256
275,604
276,3
276,167
277,69
277,87
277,255
277,309
278,42
278,115
278,202
278,240
278,384
278,434
278,460
278,763
279,3
279,37
279,62
279,96
279,103
279,188
279,207
279,359
279,391
279,410
279,437
279,451
279,484
279,485
279,546
279,573
279,645
279,697
279,719
279,856
279,858
279,919
279,998
280,3
280,37
280,83
280,145
280,219
280,460
280,558
280,848
280,986
280,990
281,3
281,29
281,121
281,225
281,254
281,258
281,350
281,393
281,398
281,448
281,472
281,502
281,538
281,627
281,638
281,846
282,99
282,126
282,225
282,238
282,670
282,921
283,3
283,49
283,83
283,167
283,190
283,256
283,294
283,298
283,347
283,388
283,409
283,574
283,578
283,692
283,861
283,906
283,974
284,5
284,115
284,218
284,248
284,270
284,665
284,960
285,49
285,73
285,90
285,96
285,168
285,179
285,300
285,328
285,364
285,386
285,388
285,456
285,510
285,919
285,970
286,69
286,254
286,509
286,651
286,827
286,936
287,3
287,118
287,129
287,214
287,251
287,312
287,489
287,534
287,610
287,774
288,129
288,226
288,744
288,774
289,116
289,192
289,212
290,143
291,37
291,42
291,189
291,208
291,260
291,375
291,688
292,3
292,129
292,179
292,224
292,248
292,415
292,724
292,765
293,69
293,113
293,171
293,918
294,19
294,226
294,255
294,283
294,368
294,625
294,733
294,858
294,879
294,965
295,3
295,196
295,199
295,260
295,297
295,370
295,671
295,721
295,752
295,761
295,762
295,780
296,177
296,219
296,328
297,12
297,15
297,130
297,188
297,212
297,295
297,314
297,355
297,383
297,386
297,387
297,430
297,436
297,491
297,582
297,623
297,635
297,680
297,695
297,723
297,727
297,757
297,960
297,981
298,49
298,118
298,202
298,224
298,235
298,259
298,283
298,325
298,332
298,363
298,400
298,419
298,509
298,520
298,545
298,571
298,778
298,800
298,878
298,909
298,981
298,984
299,71
299,118
299,143
299,584
300,34
300,270
300,285
301,37
301,96
301,189
301,235
302,49
302,80
302,189
302,396
302,609
302,659
302,883
303,49
303,189
303,218
303,394
303,646
303,955
304,37
304,42
304,235
305,85
306,42
306,56
306,88
306,261
306,433
306,467
306,480
306,853
307,3
307,189
307,205
307,486
307,575
308,3
308,69
308,262
308,417
308,669
308,822
308,853
308,978
309,2
309,3
309,34
309,61
309,69
309,266
309,277
309,322
309,354
309,382
309,399
309,422
309,489
309,671
309,734
309,792
309,802
309,849
309,886
309,971
310,18
310,60
310,99
310,115
310,189
310,324
310,507
310,513
310,632
310,683
310,696
310,859
310,893
311,3
311,106
311,121
311,161
312,3
312,59
312,90
312,186
312,287
312,315
312,383
312,460
312,607
312,907
312,918
312,942
313,69
313,157
313,186
313,358
313,397
313,946
314,49
314,55
314,146
314,225
314,297
314,375
314,455
314,726
314,732
314,956
315,34
315,207
315,229
315,312
315,458
315,569
315,572
315,824
315,879
316,42
316,105
316,132
316,150
316,192
316,695
316,882
317,3
317,99
317,127
317,238
317,462
317,496
317,498
317,782
317,788
317,825
317,946
318,3
318,49
318,171
318,202
318,256
318,359
319,69
319,88
320,3
320,128
320,204
320,515
321,171
321,199
321,225
321,481
321,511
321,844
322,113
322,132
322,218
322,238
322,309
322,367
322,552
322,770
322,902
322,928
323,3
323,124
323,218
323,517
323,622
323,736
324,127
324,310
325,18
325,96
325,273
325,298
325,346
325,362
325,379
325,542
325,970
326,37
326,42
326,52
326,120
326,134
326,167
326,243
326,466
326,544
326,590
326,656
326,752
326,753
326,755
326,756
326,810
326,831
326,937
326,965
327,37
327,129
327,266
327,347
327,377
327,436
327,478
327,685
327,903
328,129
328,285
328,296
328,622
328,736
328,739
328,931
329,49
329,129
329,385
330,143
330,366
330,613
330,775
331,29
331,39
331,42
331,91
331,99
331,167
331,197
331,517
331,574
331,682
331,871
332,90
332,96
332,221
332,298
332,512
332,524
332,539
332,553
332,554
332,597
332,615
332,642
332,644
332,657
332,714
333,3
333,18
333,34
333,98
333,124
333,392
333,397
333,541
333,653
334,3
334,24
334,88
334,233
334,430
334,463
334,536
334,624
335,18
335,27
335,55
335,118
335,452
335,638
336,118
336,132
336,189
336,214
336,347
336,356
336,376
336,589
336,617
336,692
336,833
337,121
337,171
337,188
337,255
338,37
339,83
339,254
339,255
340,37
340,101
340,224
340,236
340,238
340,474
340,486
340,524
340,570
340,741
340,763
340,919
341,24
341,37
341,167
341,191
341,209
341,345
341,491
341,682
341,722
341,931
342,69
342,239
342,270
342,530
343,18
343,83
343,168
343,202
343,403
343,437
343,504
343,578
343,687
343,762
343,819
344,20
344,55
344,59
344,96
344,189
344,216
344,233
344,395
344,479
344,501
344,507
344,523
344,550
344,573
344,774
344,819
344,961
344,997
345,15
345,42
345,150
345,167
345,171
345,223
345,256
345,341
345,436
345,460
345,473
345,486
345,514
345,526
345,527
345,538
345,539
345,596
345,730
345,752
345,792
345,803
345,873
345,901
345,908
345,971
345,983
345,989
345,996
346,62
346,69
346,83
346,235
346,325
346,406
346,518
346,752
346,767
346,844
347,156
347,161
347,238
347,270
347,283
347,327
347,336
347,395
347,494
347,523
347,568
347,590
347,596
347,602
347,724
347,824
347,840
347,846
348,18
348,89
348,124
348,189
348,214
348,218
348,228
348,408
348,465
348,469
348,535
348,550
348,616
348,634
348,789
348,817
348,853
348,894
348,926
348,986
349,42
349,67
349,134
349,179
349,478
350,83
350,171
350,238
350,281
350,423
350,430
350,650
350,875
351,3
351,403
352,120
352,207
353,3
353,88
353,165
353,226
353,486
353,742
354,49
354,98
354,171
354,202
354,234
354,309
354,370
354,424
354,523
354,556
354,640
354,648
354,743
354,752
354,842
354,942
355,90
355,118
355,218
355,258
355,297
355,383
355,441
355,467
355,568
355,687
355,716
355,724
355,801
355,977
355,993
356,15
356,118
356,171
356,336
356,401
356,486
356,598
357,66
357,69
357,171
357,186
357,624
357,677
358,81
358,167
358,220
358,313
358,422
358,670
358,722
359,3
359,151
359,279
359,318
359,429
359,450
359,534
359,719
359,730
359,952
360,3
360,124
360,234
360,235
361,62
361,78
361,90
361,214
362,7
362,69
362,105
362,227
362,253
362,325
362,428
362,431
363,212
363,298
363,377
364,3
364,49
364,69
364,124
364,185
364,285
364,367
364,390
364,419
364,428
364,566
364,703
364,727
364,768
365,270
366,3
366,162
366,330
366,718
367,39
367,124
367,189
367,207
367,221
367,236
367,322
367,364
367,399
367,520
367,541
367,545
367,648
367,667
367,927
367,999
368,3
368,129
368,294
369,3
369,19
369,226
369,635
370,19
370,60
370,143
370,220
370,295
370,354
370,408
370,409
370,544
370,616
370,715
370,722
370,771
370,826
370,913
370,937
371,18
371,24
371,37
371,207
371,415
371,456
371,552
371,617
372,120
372,143
372,189
372,469
373,15
373,272
374,61
374,67
374,134
374,256
374,447
374,654
375,69
375,179
375,291
375,314
375,382
375,466
375,492
376,3
376,37
376,69
376,80
376,167
376,171
376,188
376,252
376,336
376,407
376,468
376,471
376,534
376,646
376,655
376,715
376,724
376,733
376,740
376,748
376,751
376,802
376,824
376,870
376,939
376,979
377,327
377,363
378,37
378,129
378,421
378,489
378,580
378,655
379,80
379,128
379,228
379,325
379,468
379,551
380,99
380,239
381,3
381,12
381,235
381,262
381,263
381,593
382,88
382,168
382,214
382,229
382,309
382,375
382,454
382,461
382,586
382,649
382,692
382,696
382,715
382,751
382,754
382,827
382,836
382,845
382,916
382,973
383,49
383,297
383,312
383,355
384,15
384,53
384,61
384,83
384,87
384,88
384,128
384,278
384,433
384,538
384,568
384,667
384,708
384,764
384,871
384,875
384,944
384,952
385,3
385,8
385,99
385,188
385,218
385,329
385,437
385,626
385,732
385,761
385,787
385,983
386,117
386,143
386,188
386,190
386,191
386,229
386,285
386,297
386,397
386,423
386,496
386,509
386,521
386,524
386,539
386,544
386,568
386,591
386,599
386,630
386,638
386,656
386,726
386,784
386,897
386,908
387,3
387,27
387,124
387,128
387,199
387,226
387,297
387,389
387,428
387,561
387,650
387,715
387,813
387,881
388,3
388,15
388,37
388,145
388,283
388,285
388,590
388,692
388,724
389,34
389,37
389,129
389,179
389,387
389,569
389,638
389,689
389,784
390,3
390,37
390,218
390,364
390,704
390,713
391,79
391,279
392,34
392,79
392,99
392,121
392,218
392,241
392,266
392,270
392,333
392,400
392,452
392,457
392,469
392,473
392,483
392,524
392,573
392,582
392,595
392,606
392,620
392,667
392,676
392,729
392,747
392,783
392,808
392,829
392,859
393,143
393,145
393,171
393,262
393,281
393,473
393,647
394,29
394,81
394,179
394,303
394,415
394,516
394,570
394,694
394,716
394,943
395,83
395,344
395,347
395,427
395,543
396,30
396,46
396,234
396,255
396,302
397,99
397,127
397,226
397,252
397,313
397,333
397,386
397,419
397,423
397,460
397,481
397,495
397,518
397,520
397,521
397,551
397,572
397,617
397,766
397,777
397,782
397,836
397,880
398,3
398,121
398,129
398,202
398,281
398,435
398,502
398,577
398,637
398,671
398,674
398,833
398,975
399,3
399,260
399,309
399,367
399,529
400,3
400,69
400,163
400,298
400,392
400,479
400,571
400,618
400,646
400,849
400,961
401,42
401,167
401,238
401,356
402,157
402,496
402,767
402,845
403,3
403,42
403,343
403,351
404,254
405,34
405,99
405,177
405,205
405,254
405,454
405,547
405,636
405,734
405,841
405,863
405,906
406,260
406,346
407,3
407,81
407,134
407,146
407,376
407,439
407,441
407,643
407,802
407,919
408,37
408,88
408,124
408,151
408,167
408,348
408,370
408,508
408,516
408,545
408,565
408,632
408,723
408,811
409,3
409,157
409,235
409,238
409,283
409,370
409,432
409,594
409,600
409,830
410,37
410,42
410,113
410,115
410,212
410,279
410,620
410,727
410,886
411,99
411,124
411,249
411,614
412,42
412,88
412,125
412,218
412,452
412,777
413,3
413,162
413,179
413,237
414,29
414,34
414,49
414,188
414,204
414,505
414,735
414,739
414,852
415,10
415,212
415,292
415,371
415,394
415,540
415,813
416,3
416,49
416,91
416,118
416,167
416,204
416,221
416,223
416,521
416,710
416,758
416,809
416,877
416,884
416,928
416,943
416,972
417,15
417,99
417,162
417,308
418,61
418,83
418,157
418,188
418,219
418,620
418,882
419,246
419,265
419,298
419,364
419,397
419,445
419,495
419,561
419,670
420,110
420,111
420,214
421,42
421,59
421,98
421,125
421,251
421,378
421,685
421,700
421,841
422,3
422,15
422,29
422,31
422,69
422,88
422,309
422,358
422,430
422,507
422,528
422,579
422,591
422,597
422,601
422,632
422,657
422,730
422,768
422,888
422,977
423,3
423,34
423,53
423,151
423,179
423,218
423,235
423,350
423,386
423,397
423,436
423,443
423,490
423,503
423,607
423,634
423,652
423,693
423,723
423,854
423,919
424,29
424,37
424,128
424,272
424,354
424,449
424,519
424,932
424,938
425,99
425,171
425,235
425,581
426,42
426,81
426,143
427,42
427,115
427,235
427,395
427,467
428,3
428,37
428,42
428,179
428,226
428,362
428,364
428,387
428,460
428,463
428,694
428,703
428,730
428,811
428,862
429,49
429,99
429,204
429,266
429,359
429,510
430,52
430,192
430,214
430,235
430,297
430,334
430,350
430,422
430,529
430,534
430,536
430,591
430,685
430,692
430,704
430,857
430,865
431,24
431,167
431,246
431,362
431,562
432,216
432,409
433,15
433,38
433,44
433,103
433,306
433,384
433,496
433,561
433,590
433,601
433,695
433,734
433,796
433,819
433,850
433,872
434,179
434,189
434,260
434,278
435,34
435,114
435,398
435,531
435,937
436,113
436,238
436,297
436,327
436,345
436,423
436,781
436,824
436,982
437,118
437,279
437,343
437,385
437,460
437,473
437,897
438,55
438,118
438,226
438,692
438,728
439,3
439,14
439,52
439,198
439,407
439,758
440,3
440,202
440,710
441,37
441,202
441,263
441,355
441,407
441,587
441,790
442,57
442,189
442,235
443,18
443,24
443,40
443,188
443,423
443,575
443,731
443,746
444,1
444,3
444,145
444,614
445,88
445,235
445,419
446,262
447,60
447,106
447,189
447,374
447,483
447,937
447,982
448,80
448,118
448,281
449,3
449,64
449,121
449,424
449,486
450,191
450,218
450,359
451,225
451,279
452,58
452,79
452,192
452,335
452,392
452,412
452,766
453,124
453,144
453,191
453,857
454,126
454,213
454,382
454,405
455,15
455,37
455,61
455,74
455,106
455,115
455,143
455,229
455,314
455,488
455,493
455,573
455,598
455,760
455,796
455,803
455,811
455,815
455,830
455,925
455,949
456,3
456,167
456,285
456,371
456,896
457,49
457,392
458,3
458,227
458,315
458,505
458,773
458,999
459,3
459,218
460,52
460,115
460,179
460,278
460,280
460,312
460,345
460,397
460,428
460,437
460,462
460,478
460,495
460,504
460,512
460,534
460,538
460,547
460,567
460,587
460,610
460,620
460,637
460,643
460,658
460,667
460,693
460,699
460,705
460,747
460,751
460,783
460,784
460,846
460,860
460,877
460,897
460,908
460,913
460,971
461,167
461,226
461,382
461,499
461,589
461,635
461,671
461,840
461,871
462,27
462,34
462,317
462,460
462,641
462,879
462,984
463,79
463,334
463,428
464,3
464,202
465,34
465,76
465,124
465,189
465,205
465,348
465,502
465,556
465,577
465,624
465,666
465,696
465,833
465,874
466,143
466,326
466,375
466,942
467,18
467,42
467,69
467,93
467,189
467,226
467,306
467,355
467,427
467,471
467,527
467,537
467,597
467,602
467,640
467,709
467,731
467,773
467,844
467,957
468,67
468,187
468,221
468,225
468,376
468,379
468,511
468,658
468,663
468,757
468,958
469,69
469,81
469,225
469,348
469,372
469,392
469,486
469,533
469,542
469,555
469,576
469,590
469,665
469,827
469,846
469,950
469,964
470,134
471,15
471,42
471,126
471,161
471,167
471,171
471,376
471,467
471,730
471,745
471,775
471,965
471,992
471,996
472,52
472,127
472,281
473,98
473,125
473,167
473,247
473,345
473,392
473,393
473,437
473,476
473,477
473,502
473,547
473,616
473,700
473,733
473,770
473,828
473,845
473,878
473,945
473,981
474,3
474,69
474,189
474,235
474,238
474,340
474,475
474,485
474,650
474,667
474,700
475,171
475,190
475,212
475,218
475,474
475,511
475,522
475,567
476,473
477,218
477,473
478,252
478,327
478,349
478,460
478,495
478,555
478,799
478,843
478,856
478,883
479,99
479,229
479,262
479,344
479,400
479,511
480,37
480,49
480,177
480,306
480,529
480,561
480,613
480,703
480,725
481,3
481,37
481,167
481,321
481,397
481,500
481,501
481,502
481,506
481,547
481,844
482,88
482,205
483,37
483,75
483,77
483,80
483,179
483,214
483,392
483,447
483,530
483,554
483,578
483,600
483,617
483,679
483,724
483,744
483,777
483,907
483,943
484,263
484,274
484,279
485,3
485,49
485,83
485,88
485,124
485,171
485,173
485,192
485,193
485,279
485,474
485,524
485,582
485,595
485,610
485,621
485,655
485,683
485,685
485,695
485,727
485,750
485,765
485,815
485,824
485,856
485,976
485,986
486,37
486,69
486,73
486,83
486,88
486,148
486,171
486,172
486,244
486,262
486,307
486,340
486,345
486,353
486,356
486,449
486,469
486,487
486,513
486,515
486,522
486,526
486,568
486,580
486,588
486,595
486,608
486,612
486,658
486,688
486,690
486,696
486,697
486,745
486,747
486,757
486,766
486,771
486,785
486,812
486,833
486,840
486,881
486,894
486,913
486,924
486,934
486,938
486,964
486,981
486,985
487,3
487,29
487,221
487,262
487,486
487,512
487,542
487,628
487,695
487,902
487,971
488,3
488,55
488,78
488,115
488,204
488,455
488,497
488,591
488,731
488,827
489,19
489,219
489,224
489,267
489,287
489,309
489,378
489,511
489,542
489,571
489,587
489,648
489,790
490,171
490,205
490,423
491,61
491,189
491,223
491,297
491,341
491,582
491,627
491,859
491,992
492,375
493,167
493,171
493,455
493,588
494,229
494,239
494,274
494,347
494,586
494,612
494,838
495,3
495,42
495,260
495,397
495,419
495,460
495,478
495,616
495,670
495,739
495,846
496,3
496,37
496,256
496,258
496,317
496,386
496,402
496,433
496,499
496,517
496,525
496,535
496,619
496,639
496,677
496,724
496,746
496,756
496,770
496,778
496,813
496,825
496,839
496,932
497,263
497,488
498,317
499,124
499,162
499,167
499,461
499,496
499,577
499,619
499,705
499,876
500,3
500,42
500,96
500,260
500,481
500,793
500,997
501,99
501,233
501,344
501,481
501,743
502,60
502,80
502,281
502,398
502,465
502,473
502,481
502,589
502,666
502,686
502,702
502,884
502,945
502,951
503,3
503,37
503,83
503,105
503,124
503,125
503,265
503,423
503,524
503,714
503,883
503,973
504,67
504,96
504,144
504,343
504,460
504,562
505,42
505,96
505,143
505,167
505,225
505,414
505,458
505,531
505,990
506,3
506,218
506,235
506,260
506,481
506,532
506,590
506,598
506,638
507,3
507,310
507,344
507,422
507,716
507,743
507,778
507,814
507,823
507,841
508,212
508,255
508,408
508,548
508,593
509,69
509,189
509,192
509,286
509,298
509,386
509,569
509,802
510,285
510,429
510,809
511,102
511,176
511,321
511,468
511,475
511,479
511,489
511,538
511,567
511,672
511,699
512,55
512,103
512,228
512,332
512,460
512,487
512,544
512,583
512,725
512,796
512,871
513,15
513,19
513,61
513,73
513,189
513,251
513,310
513,486
513,534
513,559
513,563
513,618
513,654
513,771
514,3
514,42
514,218
514,235
514,255
514,260
514,345
514,570
514,714
514,735
514,806
514,834
514,970
515,205
515,252
515,320
515,486
515,516
515,611
515,717
516,120
516,125
516,129
516,394
516,408
516,515
516,552
516,555
516,744
516,786
517,132
517,323
517,331
517,496
517,695
517,947
518,3
518,49
518,60
518,218
518,346
518,397
518,617
518,709
518,763
518,842
518,858
518,900
519,57
519,228
519,424
519,534
520,0
520,3
520,80
520,124
520,212
520,298
520,367
520,397
520,563
520,654
520,705
520,718
520,728
520,737
520,817
520,879
520,909
521,24
521,83
521,265
521,386
521,397
521,416
521,795
521,876
522,475
522,486
522,586
523,3
523,235
523,344
523,347
523,354
524,40
524,76
524,99
524,199
524,332
524,340
524,386
524,392
524,485
524,503
524,582
524,622
524,765
524,777
524,779
524,785
524,788
524,828
524,840
524,917
524,937
524,964
524,971
524,991
525,496
526,254
526,345
526,486
527,3
527,225
527,345
527,467
527,704
528,49
528,118
528,153
528,179
528,215
528,228
528,273
528,422
528,610
528,633
528,668
528,956
528,964
529,52
529,223
529,258
529,399
529,430
529,480
530,88
530,124
530,179
530,342
530,483
530,679
530,891
531,129
531,265
531,435
531,505
531,657
531,786
531,853
531,950
532,52
532,506
532,616
532,679
532,938
532,965
533,34
533,80
533,207
533,260
533,469
533,622
533,624
533,876
533,881
533,894
534,37
534,117
534,129
534,248
534,287
534,359
534,376
534,430
534,460
534,513
534,519
534,546
534,556
534,566
534,635
534,692
534,694
534,731
534,744
534,834
534,895
534,925
534,999
535,3
535,153
535,218
535,348
535,496
535,538
536,3
536,93
536,189
536,217
536,334
536,430
536,603
536,623
536,802
536,906
537,67
537,110
537,207
537,467
537,790
538,281
538,345
538,384
538,460
538,511
538,535
538,566
538,691
539,332
539,345
539,386
540,88
540,254
540,415
541,333
541,367
542,125
542,235
542,325
542,469
542,487
542,489
542,639
542,688
543,225
543,254
543,395
544,3
544,85
544,118
544,134
544,143
544,225
544,326
544,370
544,386
544,512
544,561
544,634
544,637
544,704
544,778
544,821
544,825
544,827
544,831
544,861
544,943
544,975
545,3
545,129
545,298
545,367
545,408
545,580
545,639
545,725
546,143
546,226
546,279
546,534
546,894
547,405
547,460
547,473
547,481
548,3
548,234
548,508
549,3
549,30
549,115
549,169
549,218
549,767
550,87
550,88
550,223
550,248
550,344
550,348
550,574
550,607
550,631
550,668
550,708
551,19
551,105
551,150
551,198
551,254
551,260
551,379
551,397
551,568
551,580
551,693
551,806
552,106
552,179
552,226
552,236
552,322
552,371
552,516
552,555
552,736
552,803
552,822
553,42
553,80
553,332
554,3
554,96
554,125
554,332
554,483
554,669
554,935
555,13
555,15
555,115
555,130
555,185
555,186
555,227
555,235
555,469
555,478
555,516
555,552
555,569
555,602
555,622
555,624
555,677
555,688
555,713
555,718
555,729
555,762
555,765
555,787
555,846
555,874
555,973
556,3
556,120
556,205
556,209
556,218
556,354
556,465
556,534
556,990
557,49
557,218
558,218
558,235
558,280
559,3
559,34
559,127
559,188
559,513
560,60
560,88
560,125
560,818
561,3
561,37
561,212
561,387
561,419
561,433
561,480
561,544
561,688
561,849
561,855
561,868
561,882
561,963
562,34
562,191
562,431
562,504
562,600
562,962
563,218
563,260
563,513
563,520
563,621
563,687
563,785
563,809
563,992
564,37
564,49
564,167
565,3
565,34
565,49
565,62
565,96
565,234
565,408
565,605
565,696
565,933
566,3
566,175
566,364
566,534
566,538
566,592
567,81
567,99
567,460
567,475
567,511
567,725
568,347
568,355
568,384
568,386
568,486
568,551
568,582
568,597
568,609
568,632
568,744
569,3
569,37
569,55
569,214
569,315
569,389
569,509
569,555
569,650
570,340
570,394
570,514
570,770
571,161
571,298
571,400
571,489
572,129
572,315
572,397
572,580
572,759
573,80
573,137
573,157
573,279
573,344
573,392
573,455
573,628
574,37
574,66
574,69
574,88
574,219
574,283
574,331
574,550
574,615
574,736
574,765
575,3
575,226
575,270
575,307
575,443
575,670
575,930
576,188
576,469
576,780
576,820
577,60
577,83
577,198
577,223
577,252
577,398
577,465
577,499
577,585
577,630
577,667
577,698
577,742
577,757
577,764
577,865
577,875
577,934
578,21
578,37
578,228
578,283
578,343
578,483
578,875
578,955
579,80
579,171
579,179
579,202
579,235
579,422
579,807
580,15
580,39
580,76
580,207
580,208
580,245
580,378
580,486
580,545
580,551
580,572
580,628
580,649
580,679
580,775
580,886
581,42
581,113
581,188
581,425
582,88
582,197
582,218
582,255
582,297
582,392
582,485
582,491
582,524
582,568
582,647
582,656
582,766
582,887
582,940
583,173
583,512
583,822
584,113
584,205
584,243
584,299
584,771
585,225
585,577
585,596
586,187
586,261
586,382
586,494
586,522
586,773
586,905
587,37
587,441
587,460
587,489
587,624
587,735
587,921
588,49
588,134
588,486
588,493
588,594
588,670
589,42
589,336
589,461
589,502
590,326
590,347
590,388
590,433
590,469
590,506
590,914
591,171
591,386
591,422
591,430
591,488
591,643
591,664
591,762
592,255
592,566
593,3
593,74
593,88
593,197
593,251
593,381
593,508
593,658
593,690
593,723
593,920
594,3
594,187
594,409
594,588
594,763
595,52
595,392
595,485
595,486
596,3
596,156
596,214
596,225
596,345
596,347
596,585
596,602
596,801
597,49
597,80
597,83
597,332
597,422
597,467
597,568
597,605
598,3
598,29
598,37
598,356
598,455
598,506
598,959
599,3
599,77
599,386
600,49
600,409
600,483
600,562
600,753
601,52
601,238
601,422
601,433
602,69
602,347
602,467
602,555
602,596
603,44
603,98
603,120
603,126
603,158
603,169
603,254
603,536
603,840
603,848
603,948
604,69
604,80
604,132
604,256
604,275
604,671
604,828
604,969
605,565
605,597
606,52
606,120
606,392
607,3
607,192
607,312
607,423
607,550
607,686
607,864
608,3
608,8
608,78
608,90
608,129
608,154
608,486
608,922
609,52
609,218
609,252
609,302
609,568
610,80
610,90
610,198
610,287
610,460
610,485
610,528
610,853
610,862
610,874
610,930
611,52
611,235
611,258
611,515
611,855
611,864
611,981
612,55
612,60
612,77
612,107
612,486
612,494
612,614
612,731
613,37
613,150
613,212
613,249
613,330
613,480
614,2
614,3
614,11
614,20
614,33
614,88
614,118
614,149
614,411
614,444
614,612
614,869
614,906
615,118
615,168
615,230
615,332
615,574
616,3
616,348
616,370
616,473
616,495
616,532
616,617
617,226
617,256
617,336
617,371
617,397
617,483
617,518
617,616
617,805
617,900
617,955
617,974
618,3
618,189
618,270
618,400
618,513
618,742
619,3
619,120
619,270
619,496
619,499
619,923
620,129
620,137
620,171
620,186
620,204
620,392
620,410
620,418
620,460
620,739
620,769
621,155
621,245
621,485
621,563
621,717
621,790
622,52
622,182
622,192
622,214
622,323
622,328
622,524
622,533
622,555
622,734
622,765
622,870
622,885
622,930
622,932
623,69
623,188
623,297
623,536
623,922
624,34
624,94
624,209
624,216
624,334
624,357
624,465
624,533
624,555
624,587
624,640
624,648
624,680
624,701
624,766
624,803
624,945
625,61
625,69
625,125
625,189
625,294
625,765
625,766
626,199
626,385
627,281
627,491
627,843
627,963
628,99
628,146
628,204
628,238
628,487
628,573
628,580
628,902
628,997
629,125
630,129
630,214
630,225
630,386
630,577
631,218
631,550
632,0
632,27
632,42
632,115
632,128
632,310
632,408
632,422
632,568
632,663
632,668
632,677
632,732
632,812
632,820
632,870
632,890
632,948
632,953
632,967
633,528
634,171
634,348
634,423
634,544
635,88
635,129
635,143
635,218
635,297
635,369
635,461
635,534
636,99
636,129
636,135
636,218
636,226
636,405
636,770
636,959
637,128
637,398
637,460
637,544
637,639
637,755
637,835
638,99
638,129
638,255
638,281
638,335
638,386
638,389
638,506
638,687
638,764
638,775
638,806
638,809
639,192
639,212
639,224
639,496
639,542
639,545
639,637
639,652
639,938
640,354
640,467
640,624
641,3
641,252
641,462
641,666
642,3
642,18
642,60
642,121
642,332
642,948
642,971
643,224
643,238
643,407
643,460
643,591
643,920
644,332
645,42
645,52
645,171
645,225
645,260
645,279
645,762
645,799
645,906
645,993
646,61
646,171
646,303
646,376
646,400
646,685
646,744
646,859
647,69
647,121
647,127
647,189
647,202
647,393
647,582
647,714
647,787
647,866
648,161
648,354
648,367
648,489
648,624
648,861
649,34
649,77
649,83
649,167
649,212
649,382
649,580
649,761
649,832
649,834
650,171
650,264
650,350
650,387
650,474
650,569
650,744
651,69
651,103
651,167
651,235
651,260
651,286
651,691
651,729
651,805
651,915
651,937
651,981
652,171
652,229
652,423
652,639
652,775
653,60
653,333
654,24
654,188
654,374
654,513
654,520
655,134
655,376
655,378
655,485
655,751
656,49
656,326
656,386
656,582
656,790
656,897
657,116
657,189
657,214
657,332
657,422
657,531
658,90
658,460
658,468
658,486
658,593
658,728
658,789
659,224
659,302
660,49
660,69
660,78
660,83
660,96
660,831
660,889
661,3
661,225
662,186
663,3
663,188
663,468
663,632
664,49
664,591
664,801
665,3
665,42
665,52
665,118
665,182
665,284
665,469
665,714
666,3
666,465
666,502
666,641
666,679
666,688
666,792
667,3
667,146
667,226
667,367
667,384
667,392
667,460
667,474
667,577
667,737
667,801
667,823
667,863
667,871
667,925
667,963
667,969
667,979
668,3
668,37
668,189
668,190
668,528
668,550
668,632
668,681
668,792
668,833
668,845
668,851
668,900
668,906
669,74
669,125
669,207
669,225
669,308
669,554
669,830
670,282
670,358
670,419
670,495
670,575
670,588
671,3
671,151
671,161
671,198
671,295
671,309
671,398
671,461
671,604
671,740
671,863
671,905
671,908
671,953
671,982
671,991
672,511
673,60
673,273
674,225
674,398
675,88
675,96
675,234
675,263
675,997
676,3
676,60
676,69
676,233
676,392
676,683
676,764
676,905
677,24
677,189
677,357
677,496
677,555
677,632
677,994
678,19
678,37
679,99
679,192
679,225
679,483
679,530
679,532
679,580
679,666
679,697
679,703
679,840
679,934
680,52
680,80
680,96
680,189
680,251
680,297
680,624
680,766
681,83
681,270
681,668
682,224
682,331
682,341
682,881
683,3
683,37
683,124
683,188
683,310
683,485
683,676
683,717
683,765
684,34
684,80
684,121
684,885
685,3
685,52
685,53
685,83
685,167
685,189
685,268
685,327
685,421
685,430
685,485
685,646
685,712
685,722
685,777
685,889
685,908
685,920
685,934
686,3
686,235
686,502
686,607
686,731
687,3
687,218
687,252
687,343
687,355
687,563
687,638
687,733
687,858
688,63
688,69
688,128
688,235
688,291
688,486
688,542
688,555
688,561
688,666
688,791
688,865
688,880
688,886
688,931
688,971
689,88
689,148
689,167
689,212
689,224
689,251
689,389
689,742
690,3
690,134
690,486
690,593
691,538
691,651
692,37
692,179
692,207
692,212
692,283
692,336
692,382
692,388
692,430
692,438
692,534
692,705
692,789
692,802
692,846
692,858
692,920
692,953
693,204
693,248
693,249
693,423
693,460
693,551
693,771
694,109
694,168
694,260
694,394
694,428
694,534
694,866
695,240
695,297
695,316
695,433
695,485
695,487
695,517
695,717
695,718
695,732
695,815
696,3
696,80
696,193
696,238
696,310
696,382
696,465
696,486
696,565
696,772
696,780
696,807
696,887
696,928
697,3
697,67
697,124
697,252
697,279
697,486
697,679
698,118
698,179
698,189
698,577
699,3
699,264
699,460
699,511
699,715
699,769
699,862
700,238
700,421
700,473
700,474
701,150
701,189
701,624
702,3
702,151
702,502
703,3
703,15
703,364
703,428
703,480
703,679
704,168
704,198
704,390
704,430
704,527
704,544
705,3
705,69
705,99
705,179
705,207
705,208
705,460
705,499
705,520
705,692
705,737
705,851
705,886
705,916
705,960
706,69
706,179
706,221
706,788
706,965
707,3
707,83
708,60
708,118
708,229
708,255
708,384
708,550
708,732
708,929
708,960
709,3
709,42
709,83
709,467
709,518
709,853
709,967
710,52
710,74
710,88
710,189
710,416
710,440
710,901
710,929
710,958
711,80
711,270
712,60
712,256
712,265
712,685
713,88
713,390
713,555
714,332
714,503
714,514
714,647
714,665
715,34
715,171
715,370
715,376
715,382
715,387
715,699
715,816
716,218
716,229
716,355
716,394
716,507
717,83
717,179
717,515
717,621
717,683
717,695
717,824
718,3
718,90
718,171
718,259
718,366
718,520
718,555
718,695
718,763
718,860
718,982
719,191
719,226
719,229
719,279
719,359
719,832
719,932
720,42
720,121
720,251
720,264
720,936
721,235
721,295
722,88
722,229
722,341
722,358
722,370
722,685
722,737
722,888
722,939
723,37
723,61
723,134
723,297
723,408
723,423
723,593
723,778
723,913
724,57
724,292
724,347
724,355
724,376
724,388
724,483
724,496
724,858
724,871
724,895
724,997
725,37
725,131
725,167
725,480
725,512
725,545
725,567
725,753
725,782
725,910
725,955
726,39
726,78
726,234
726,314
726,386
727,121
727,297
727,364
727,410
727,485
727,824
727,883
728,34
728,204
728,207
728,438
728,520
728,658
729,76
729,221
729,392
729,555
729,651
729,732
729,872
729,927
729,949
730,204
730,246
730,345
730,359
730,422
730,428
730,471
731,189
731,443
731,467
731,488
731,534
731,612
731,686
731,811
731,844
731,885
732,42
732,129
732,131
732,134
732,197
732,314
732,385
732,632
732,695
732,708
732,729
732,752
732,792
732,827
732,846
732,881
732,886
732,899
732,973
733,118
733,294
733,376
733,473
733,687
733,751
734,188
734,309
734,405
734,433
734,622
734,814
734,867
734,880
735,49
735,69
735,414
735,514
735,587
736,120
736,191
736,323
736,328
736,552
736,574
736,829
737,80
737,224
737,520
737,667
737,705
737,722
737,932
738,49
738,124
738,188
739,3
739,73
739,144
739,218
739,262
739,328
739,414
739,495
739,620
739,747
739,759
740,37
740,49
740,71
740,79
740,256
740,376
740,671
740,741
740,764
740,928
741,260
741,340
741,740
741,754
742,123
742,148
742,167
742,218
742,353
742,577
742,618
742,689
742,825
742,949
743,354
743,501
743,507
744,214
744,225
744,288
744,483
744,516
744,534
744,568
744,646
744,650
744,757
744,851
744,865
744,917
745,69
745,219
745,471
745,486
746,124
746,207
746,443
746,496
746,841
746,964
747,69
747,99
747,171
747,392
747,460
747,486
747,739
747,777
747,839
747,846
748,376
749,52
749,83
749,118
749,158
749,274
749,900
749,945
750,37
750,69
750,235
750,260
750,485
750,887
750,993
751,3
751,80
751,132
751,256
751,376
751,382
751,460
751,655
751,733
751,966
751,968
752,20
752,37
752,295
752,326
752,345
752,346
752,354
752,732
752,933
753,37
753,80
753,114
753,118
753,260
753,326
753,600
753,725
753,776
753,911
753,913
754,218
754,382
754,741
755,3
755,252
755,326
755,637
755,941
756,226
756,326
756,496
757,122
757,297
757,468
757,486
757,577
757,744
757,764
757,865
758,202
758,416
758,439
759,18
759,251
759,572
759,739
759,780
760,455
761,90
761,235
761,295
761,385
761,649
762,55
762,295
762,343
762,555
762,591
762,645
763,109
763,121
763,278
763,340
763,518
763,594
763,718
763,776
763,837
763,867
763,916
764,42
764,245
764,384
764,577
764,638
764,676
764,740
764,757
764,832
765,3
765,49
765,171
765,263
765,292
765,485
765,524
765,555
765,574
765,622
765,625
765,683
765,792
765,877
765,896
765,900
765,902
765,915
765,957
766,168
766,274
766,397
766,452
766,486
766,582
766,624
766,625
766,680
766,805
766,818
766,913
767,3
767,60
767,171
767,346
767,402
767,549
767,956
768,143
768,157
768,218
768,364
768,422
769,218
769,265
769,620
769,699
769,778
769,966
769,989
770,198
770,252
770,266
770,322
770,473
770,496
770,570
770,636
770,874
770,898
770,964
771,15
771,370
771,486
771,513
771,584
771,693
772,18
772,696
773,3
773,118
773,171
773,458
773,467
773,586
773,989
774,62
774,88
774,179
774,287
774,288
774,344
774,882
774,924
775,118
775,165
775,198
775,224
775,330
775,471
775,580
775,638
775,652
775,856
775,963
776,80
776,753
776,763
777,18
777,53
777,397
777,412
777,483
777,524
777,685
777,747
778,298
778,496
778,507
778,544
778,723
778,769
778,797
779,49
779,145
779,524
780,96
780,202
780,295
780,576
780,696
780,759
780,861
780,862
781,15
781,167
781,238
781,436
782,254
782,317
782,397
782,725
782,866
783,118
783,204
783,205
783,253
783,255
783,392
783,460
784,3
784,386
784,389
784,460
784,832
785,195
785,238
785,486
785,524
785,563
785,901
786,69
786,124
786,516
786,531
787,182
787,385
787,555
787,647
788,49
788,118
788,188
788,317
788,524
788,706
789,99
789,143
789,224
789,348
789,658
789,692
790,17
790,77
790,99
790,117
790,441
790,489
790,537
790,621
790,656
791,49
791,118
791,688
792,3
792,7
792,214
792,309
792,345
792,666
792,668
792,732
792,765
792,796
792,864
792,931
792,945
792,962
792,967
793,55
793,260
793,500
794,3
794,12
794,218
795,3
795,37
795,143
795,521
795,963
795,992
796,167
796,433
796,455
796,512
796,792
797,3
797,96
797,118
797,212
797,216
797,220
797,778
797,808
797,929
798,120
798,171
798,226
798,236
798,248
799,37
799,106
799,143
799,478
799,645
800,189
800,298
801,3
801,204
801,255
801,264
801,355
801,596
801,664
801,667
801,924
802,3
802,80
802,309
802,376
802,407
802,509
802,536
802,692
802,810
803,121
803,255
803,345
803,455
803,552
803,624
804,144
805,57
805,80
805,188
805,254
805,617
805,651
805,766
806,52
806,207
806,514
806,551
806,638
807,129
807,134
807,579
807,696
807,963
808,76
808,129
808,134
808,260
808,392
808,797
809,118
809,416
809,510
809,563
809,638
810,326
810,802
811,3
811,408
811,428
811,455
811,731
812,218
812,486
812,632
813,42
813,114
813,251
813,387
813,415
813,496
813,877
813,930
814,3
814,118
814,168
814,258
814,507
814,734
814,972
815,128
815,455
815,485
815,695
816,266
816,715
817,218
817,224
817,348
817,520
818,76
818,260
818,560
818,766
819,77
819,218
819,343
819,344
819,433
820,3
820,132
820,167
820,173
820,576
820,632
821,187
821,189
821,226
821,544
822,308
822,552
822,583
823,507
823,667
824,93
824,168
824,208
824,244
824,315
824,347
824,376
824,436
824,485
824,717
824,727
824,921
824,929
824,977
825,3
825,109
825,151
825,317
825,496
825,544
825,742
825,828
825,843
825,885
826,3
826,260
826,370
827,55
827,218
827,270
827,286
827,382
827,469
827,488
827,544
827,732
828,150
828,157
828,202
828,236
828,241
828,473
828,524
828,604
828,825
828,918
829,7
829,29
829,54
829,127
829,218
829,392
829,736
829,866
829,922
830,3
830,116
830,121
830,132
830,235
830,409
830,455
830,669
830,855
830,859
831,326
831,544
831,660
832,234
832,649
832,719
832,764
832,784
832,845
833,336
833,398
833,465
833,486
833,668
834,214
834,235
834,514
834,534
834,649
835,637
836,3
836,83
836,252
836,255
836,382
836,397
836,888
837,134
837,161
837,179
837,763
838,24
838,99
838,134
838,221
838,494
839,3
839,25
839,129
839,148
839,230
839,233
839,496
839,747
840,218
840,347
840,461
840,486
840,524
840,603
840,679
841,49
841,405
841,421
841,507
841,746
842,3
842,80
842,187
842,354
842,518
843,478
843,627
843,825
844,88
844,321
844,346
844,467
844,481
844,731
845,3
845,76
845,188
845,202
845,382
845,402
845,473
845,668
845,832
845,920
845,981
846,74
846,80
846,281
846,347
846,460
846,469
846,495
846,555
846,692
846,732
846,747
846,880
846,882
846,956
846,966
847,106
847,189
848,280
848,603
849,19
849,228
849,309
849,400
849,561
849,936
850,83
850,433
851,220
851,668
851,705
851,744
852,3
852,37
852,99
852,224
852,235
852,414
853,120
853,224
853,306
853,308
853,348
853,531
853,610
853,709
854,29
854,46
854,49
854,423
855,69
855,225
855,561
855,611
855,830
856,18
856,37
856,192
856,279
856,478
856,485
856,775
856,930
856,941
857,15
857,430
857,453
858,279
858,294
858,518
858,687
858,692
858,724
858,957
859,183
859,310
859,392
859,491
859,646
859,830
860,18
860,96
860,460
860,718
860,968
861,55
861,83
861,207
861,212
861,283
861,544
861,648
861,780
861,982
862,15
862,42
862,118
862,225
862,428
862,610
862,699
862,780
863,3
863,231
863,235
863,405
863,667
863,671
864,34
864,607
864,611
864,792
864,871
865,3
865,430
865,577
865,688
865,744
865,757
865,891
866,3
866,49
866,214
866,235
866,647
866,694
866,782
866,829
866,922
866,962
866,993
867,57
867,192
867,226
867,237
867,256
867,734
867,763
868,3
868,49
868,123
868,225
868,561
869,13
869,29
869,66
869,84
869,614
870,76
870,218
870,376
870,622
870,632
870,972
871,218
871,331
871,384
871,461
871,512
871,667
871,724
871,864
871,893
871,946
871,954
872,27
872,433
872,729
872,945
872,970
873,171
873,215
873,345
874,465
874,555
874,610
874,770
875,3
875,193
875,235
875,252
875,350
875,384
875,577
875,578
875,927
876,3
876,499
876,521
876,533
877,116
877,230
877,416
877,460
877,765
877,813
878,298
878,473
879,241
879,294
879,315
879,462
879,520
880,37
880,99
880,113
880,235
880,397
880,688
880,734
880,846
881,118
881,387
881,486
881,533
881,682
881,732
882,3
882,69
882,106
882,230
882,260
882,316
882,418
882,561
882,774
882,846
882,891
882,993
883,118
883,302
883,478
883,503
883,727
884,3
884,49
884,128
884,235
884,416
884,502
885,622
885,684
885,731
885,825
886,171
886,188
886,214
886,254
886,309
886,410
886,580
886,688
886,705
886,732
886,940
886,991
887,3
887,42
887,264
887,582
887,696
887,750
888,145
888,422
888,722
888,836
889,42
889,168
889,660
889,685
890,134
890,171
890,179
890,632
890,929
891,27
891,83
891,187
891,530
891,865
891,882
891,896
891,948
892,19
892,88
892,214
893,218
893,310
893,871
894,49
894,348
894,486
894,533
894,546
895,3
895,534
895,724
896,456
896,765
896,891
896,999
897,67
897,69
897,386
897,437
897,460
897,656
897,980
898,3
898,18
898,96
898,253
898,770
899,732
900,3
900,518
900,617
900,668
900,749
900,765
901,80
901,174
901,345
901,710
901,785
902,98
902,103
902,322
902,487
902,628
902,765
903,99
903,189
903,327
904,179
904,224
905,49
905,90
905,150
905,586
905,671
905,676
906,283
906,405
906,536
906,614
906,645
906,668
907,171
907,312
907,483
908,154
908,218
908,239
908,345
908,386
908,460
908,671
908,685
908,972
909,29
909,298
909,520
910,3
910,69
910,125
910,725
911,204
911,207
911,753
912,3
912,34
912,238
913,17
913,248
913,258
913,370
913,460
913,486
913,723
913,753
913,766
914,88
914,590
915,18
915,651
915,765
916,37
916,382
916,705
916,763
917,524
917,744
917,957
918,118
918,218
918,225
918,293
918,312
918,828
919,279
919,285
919,340
919,407
919,423
919,941
920,15
920,37
920,199
920,593
920,643
920,685
920,692
920,845
921,37
921,235
921,282
921,587
921,824
922,271
922,608
922,623
922,829
922,866
923,49
923,88
923,619
924,486
924,774
924,801
925,455
925,534
925,667
926,42
926,198
926,348
927,151
927,367
927,729
927,875
928,3
928,99
928,225
928,322
928,416
928,696
928,740
929,3
929,99
929,146
929,218
929,221
929,254
929,708
929,710
929,797
929,824
929,890
930,18
930,129
930,575
930,610
930,622
930,813
930,856
930,971
931,328
931,341
931,688
931,792
932,214
932,226
932,424
932,496
932,622
932,719
932,737
933,565
933,752
934,106
934,486
934,577
934,679
934,685
935,129
935,218
935,554
936,3
936,52
936,132
936,188
936,286
936,720
936,849
937,3
937,326
937,370
937,435
937,447
937,524
937,651
938,81
938,262
938,263
938,424
938,486
938,532
938,639
938,952
939,81
939,113
939,151
939,179
939,376
939,722
940,46
940,235
940,582
940,886
941,3
941,755
941,856
941,919
942,83
942,167
942,212
942,312
942,354
942,466
943,42
943,394
943,416
943,483
943,544
943,958
943,961
944,15
944,219
944,384
945,15
945,37
945,129
945,473
945,502
945,624
945,749
945,792
945,872
946,3
946,118
946,313
946,317
946,871
946,960
946,969
947,69
947,188
947,218
947,221
947,517
948,260
948,603
948,632
948,642
948,891
948,982
949,37
949,238
949,455
949,729
949,742
950,42
950,55
950,120
950,469
950,531
951,502
952,49
952,359
952,384
952,938
953,96
953,270
953,632
953,671
953,692
954,871
955,205
955,303
955,578
955,617
955,725
956,60
956,122
956,189
956,314
956,528
956,767
956,846
957,161
957,238
957,467
957,765
957,858
957,917
958,37
958,254
958,468
958,710
958,943
959,15
959,118
959,132
959,598
959,636
960,106
960,240
960,270
960,284
960,297
960,705
960,708
960,946
960,961
961,3
961,18
961,49
961,344
961,400
961,943
961,960
962,3
962,562
962,792
962,866
963,37
963,218
963,262
963,561
963,627
963,667
963,775
963,795
963,807
964,3
964,218
964,469
964,486
964,524
964,528
964,746
964,770
965,18
965,106
965,118
965,167
965,168
965,179
965,294
965,326
965,471
965,532
965,706
966,42
966,105
966,131
966,143
966,171
966,188
966,218
966,225
966,751
966,769
966,846
966,994
966,998
967,3
967,34
967,161
967,632
967,709
967,792
968,37
968,751
968,860
969,90
969,116
969,189
969,604
969,667
969,946
970,179
970,198
970,218
970,285
970,325
970,514
970,872
971,235
971,309
971,345
971,460
971,487
971,524
971,642
971,688
971,930
972,3
972,29
972,416
972,814
972,870
972,908
973,88
973,382
973,503
973,555
973,732
974,29
974,283
974,617
975,15
975,398
975,544
976,127
976,251
976,485
977,3
977,5
977,37
977,146
977,221
977,355
977,422
977,824
977,988
978,308
979,3
979,214
979,376
979,667
979,985
980,3
980,69
980,78
980,157
980,897
981,3
981,297
981,298
981,473
981,486
981,611
981,651
981,845
982,18
982,143
982,161
982,189
982,225
982,255
982,436
982,447
982,671
982,718
982,861
982,948
983,34
983,37
983,202
983,214
983,345
983,385
984,3
984,52
984,298
984,462
985,29
985,255
985,486
985,979
986,3
986,143
986,214
986,280
986,348
986,485
987,3
987,49
988,977
989,3
989,345
989,769
989,773
990,3
990,161
990,174
990,280
990,505
990,556
991,218
991,524
991,671
991,886
992,93
992,222
992,224
992,471
992,491
992,563
992,795
993,18
993,179
993,214
993,355
993,645
993,750
993,866
993,882
994,84
994,167
994,677
994,966
995,29
995,258
996,3
996,345
996,471
997,3
997,15
997,167
997,189
997,344
997,500
997,628
997,675
997,724
998,189
998,279
998,966
999,88
999,367
999,458
999,534
999,896
