StartTime,Dur,Proto,SrcAddr,Sport,Dir,DstAddr,Dport,State,sTos,dTos,TotPkts,TotBytes,SrcBytes,Label
2011/08/10 09:46:53.058760,20.360267999999998,tcp,147.32.3.93,443,  <?>,147.32.84.59,51790,FPA_FRPA,0.0,0.0,133,81929,67597,flow=Background-Established-cmpgw-CVUT
2011/08/10 09:46:53.062095,3118.470947,udp,24.117.206.20,8697,  <->,147.32.84.229,13363,CON,0.0,0.0,13,4328,840,flow=Background-UDP-Established
2011/08/10 09:46:53.068389,1065.003052,tcp,94.208.78.74,50687,  <?>,147.32.84.229,13363,FPA_RPA,0.0,0.0,156,14804,7699,flow=Background
2011/08/10 09:46:53.074655,2.210671,udp,79.129.201.26,56877,  <->,147.32.84.229,13363,CON,0.0,0.0,4,379,137,flow=Background-UDP-Established
2011/08/10 09:46:53.075905,0.187434,tcp,147.32.86.194,2065,   ->,217.163.21.35,80,FSPA_FSPA,0.0,0.0,11,3872,1147,flow=Background-TCP-Established
2011/08/10 09:46:53.078297,3599.9724119999996,tcp,147.32.80.13,80,  <?>,147.32.84.162,51769,PA_A,0.0,0.0,72157,61638544,60214264,flow=From-Background-CVUT-Proxy
2011/08/10 09:46:53.082381,0.000307,tcp,74.200.246.228,80,  <?>,147.32.84.59,49382,FA_RA,0.0,0.0,3,180,60,flow=Background-Established-cmpgw-CVUT
2011/08/10 09:46:53.087248,0.000258,tcp,77.238.167.32,80,  <?>,147.32.86.194,2060,FA_A,0.0,0.0,2,120,60,flow=Background
2011/08/10 09:46:53.093292,37.925823,tcp,94.124.104.196,80,  <?>,147.32.84.59,49500,PA_FRA,0.0,0.0,1921,2636496,2625276,flow=Background-Established-cmpgw-CVUT
2011/08/10 09:46:53.098713,0.31208800000000003,tcp,98.127.111.126,51534,  <?>,147.32.84.229,13363,FRPA_FPA,0.0,0.0,10,750,407,flow=Background
2011/08/10 09:46:53.100496,2407.466797,udp,123.1.72.4,16562,  <->,147.32.84.229,13363,CON,0.0,0.0,4,268,148,flow=Background-UDP-Established
2011/08/10 09:46:53.104932,3495.29541,tcp,147.32.84.229,443,  <?>,212.217.56.83,58258,PA_PA,0.0,0.0,287,24672,10309,flow=Background
2011/08/10 09:46:53.104948,3591.9189450000003,tcp,147.32.84.229,443,  <?>,213.142.200.29,10004,PA_PA,0.0,0.0,4360,339588,125248,flow=Background
2011/08/10 09:46:53.104954,3514.610352,tcp,147.32.84.229,13363,  <?>,93.45.94.195,44977,PA_PA,0.0,0.0,310,52117,9301,flow=Background
2011/08/10 09:46:53.104959,3599.977539,tcp,147.32.84.229,13363,  <?>,83.78.136.90,52573,PA_PA,0.0,0.0,164,12065,5378,flow=Background
2011/08/10 09:46:53.106431,507.347626,tcp,147.32.80.13,80,  <?>,147.32.85.112,10885,FPA_FA,0.0,0.0,162760,137136528,132816366,flow=From-Background-CVUT-Proxy
2011/08/10 09:46:53.107352,0.001105,udp,217.164.10.229,7797,  <->,147.32.84.229,13363,CON,0.0,0.0,2,582,77,flow=Background-UDP-Established
2011/08/10 09:46:53.107669,0.0,tcp,199.59.148.20,443,   ?>,147.32.84.184,51855,A_,0.0,,1,60,60,flow=Background
2011/08/10 09:46:53.112416,1288.7133789999998,udp,77.100.246.74,6430,  <->,147.32.84.229,13363,CON,0.0,0.0,18,1244,704,flow=Background-UDP-Established
2011/08/10 09:46:53.118569,2292.730469,udp,58.72.174.152,1769,  <->,147.32.84.229,13363,CON,0.0,0.0,16,3828,548,flow=Background-UDP-Established
2011/08/10 09:46:53.120880,273.880157,tcp,83.137.254.245,49455,  <?>,147.32.84.229,13363,PA_PA,0.0,0.0,121,14096,10430,flow=Background
2011/08/10 09:46:53.125002,3572.482422,tcp,147.32.84.59,49238,  <?>,74.125.232.215,443,PA_PA,0.0,0.0,1332,627474,282534,flow=Background-Established-cmpgw-CVUT
2011/08/10 09:46:53.127875,0.000368,udp,147.32.84.138,42315,  <->,147.32.80.9,53,CON,0.0,0.0,2,214,81,flow=To-Background-UDP-CVUT-DNS-Server
2011/08/10 09:46:53.128036,0.000225,udp,147.32.84.138,42626,  <->,147.32.80.9,53,CON,0.0,0.0,2,214,81,flow=To-Background-UDP-CVUT-DNS-Server
2011/08/10 09:46:53.131650,3133.970947,udp,186.204.215.229,12677,  <->,147.32.84.229,13363,CON,0.0,0.0,10,1218,908,flow=Background-UDP-Established
2011/08/10 09:46:53.132734,619.352722,udp,147.32.84.229,13363,   ->,31.9.113.254,23320,INT,0.0,,4,568,568,flow=Background-UDP-Attempt
2011/08/10 09:46:53.136258,0.000227,udp,147.32.84.138,58276,  <->,147.32.80.9,53,CON,0.0,0.0,2,214,81,flow=To-Background-UDP-CVUT-DNS-Server
2011/08/10 09:46:53.136265,0.000272,udp,147.32.84.138,58867,  <->,147.32.80.9,53,CON,0.0,0.0,2,214,81,flow=To-Background-UDP-CVUT-DNS-Server
2011/08/10 09:46:53.137179,536.3903809999999,tcp,109.183.212.236,61775,  <?>,147.32.84.130,20,FPA_FA,0.0,0.0,23574,10855048,10056796,flow=Background
2011/08/10 09:46:53.138034,12.067851,tcp,178.236.4.29,80,   ?>,147.32.86.141,2019,FA_,0.0,,3,180,180,flow=Background
2011/08/10 09:46:53.140460,3144.869629,udp,212.59.9.106,15036,  <->,147.32.84.229,13363,CON,0.0,0.0,4,266,146,flow=Background-UDP-Established
2011/08/10 09:46:53.144083,0.000162,udp,147.32.84.138,33302,  <->,147.32.80.9,53,CON,0.0,0.0,2,214,81,flow=To-Background-UDP-CVUT-DNS-Server
2011/08/10 09:46:53.144097,0.00016299999999999998,udp,147.32.84.138,59866,  <->,147.32.80.9,53,CON,0.0,0.0,2,214,81,flow=To-Background-UDP-CVUT-DNS-Server
2011/08/10 09:46:53.146587,1.553285,udp,147.32.86.111,58314,  <->,147.32.1.20,53,CON,0.0,0.0,2,336,73,flow=To-Background-UDP-CVUT-DNS-Server
2011/08/10 09:46:53.149054,0.00029,udp,147.32.84.138,39703,  <->,147.32.80.9,53,CON,0.0,0.0,2,214,81,flow=To-Background-UDP-CVUT-DNS-Server
2011/08/10 09:46:53.149061,0.00028900000000000003,udp,147.32.84.138,36312,  <->,147.32.80.9,53,CON,0.0,0.0,2,214,81,flow=To-Background-UDP-CVUT-DNS-Server
2011/08/10 09:46:53.150362,10.022196000000001,tcp,79.78.83.0,60676,   ->,147.32.84.229,443,S_SA,0.0,0.0,16,1148,530,flow=Background-TCP-Established
2011/08/10 09:46:53.151052,3241.262451,tcp,213.192.37.130,1108,  <?>,147.32.84.229,13363,RPA_RPA,0.0,0.0,448,45540,24929,flow=Background
2011/08/10 09:46:53.153340,0.000246,udp,147.32.84.138,42271,  <->,147.32.80.9,53,CON,0.0,0.0,2,214,81,flow=To-Background-UDP-CVUT-DNS-Server
2011/08/10 09:46:53.153639,0.000167,udp,147.32.84.138,44233,  <->,147.32.80.9,53,CON,0.0,0.0,2,214,81,flow=To-Background-UDP-CVUT-DNS-Server
2011/08/10 09:46:53.157698,0.000198,udp,147.32.84.138,37967,  <->,147.32.80.9,53,CON,0.0,0.0,2,214,81,flow=To-Background-UDP-CVUT-DNS-Server
2011/08/10 09:46:53.158641,0.000332,udp,147.32.84.138,42977,  <->,147.32.80.9,53,CON,0.0,0.0,2,214,81,flow=To-Background-UDP-CVUT-DNS-Server
2011/08/10 09:46:53.160043,0.0,udp,147.32.80.9,53,   ->,147.32.86.111,54230,INT,0.0,,1,141,141,flow=From-Normal-V42-UDP-CVUT-DNS-Server
2011/08/10 09:46:53.161579,0.46650200000000003,udp,147.32.86.111,55314,  <->,147.32.80.9,53,CON,0.0,0.0,2,262,80,flow=To-Background-UDP-CVUT-DNS-Server
2011/08/10 09:46:53.162890,3597.08374,tcp,80.37.198.143,37418,  <?>,147.32.84.229,443,PA_PA,0.0,0.0,2018,204111,110036,flow=Background
2011/08/10 09:46:53.171249,12.067648,tcp,178.236.4.29,80,   ?>,147.32.86.141,2017,FA_,0.0,,3,180,180,flow=Background
2011/08/10 09:46:53.174949,12.067688,tcp,178.236.4.29,80,   ?>,147.32.86.141,2016,FA_,0.0,,3,180,180,flow=Background
2011/08/10 09:46:53.175231,3565.899658,udp,72.73.36.9,50360,  <->,147.32.84.229,13363,CON,0.0,0.0,210,14490,8190,flow=Background-UDP-Established
2011/08/10 09:46:53.176048,2827.1669920000004,udp,147.32.84.229,13363,  <->,76.112.233.145,6601,CON,0.0,0.0,14,1052,603,flow=Background-UDP-Established
2011/08/10 09:46:53.176116,25.455866,udp,147.32.84.229,13363,   ->,118.168.132.221,53663,INT,0.0,,5,370,370,flow=Background-UDP-Attempt
2011/08/10 09:46:53.178427,557.6530759999999,tcp,147.32.84.59,57601,  <?>,69.63.190.10,443,FPA_FPA,0.0,0.0,513,379123,51557,flow=Background-Established-cmpgw-CVUT
2011/08/10 09:46:53.178665,3599.8149409999996,tcp,41.34.128.253,49166,  <?>,147.32.84.229,13363,PA_PA,0.0,0.0,252,30435,22569,flow=Background
2011/08/10 09:46:53.182665,2907.603516,udp,188.134.37.80,7632,  <->,147.32.84.229,13363,CON,0.0,0.0,20,2420,1800,flow=Background-UDP-Established
2011/08/10 09:46:53.182678,0.938992,tcp,92.60.134.17,1058,  <?>,147.32.85.5,21857,FPA_FA,0.0,0.0,8,490,250,flow=Background
2011/08/10 09:46:53.195298,3599.87085,tcp,85.32.91.210,16815,  <?>,147.32.84.229,443,PA_PA,0.0,0.0,2928,337410,185204,flow=Background
2011/08/10 09:46:53.199684,2168.581543,udp,173.30.59.224,1171,  <->,147.32.84.229,13363,CON,0.0,0.0,6,1040,832,flow=Background-UDP-Established
2011/08/10 09:46:53.201497,540.361633,udp,118.167.1.65,50960,  <->,147.32.84.229,13363,CON,0.0,0.0,6,1244,924,flow=Background-UDP-Established
2011/08/10 09:46:53.202788,3599.976562,tcp,147.32.84.229,443,  <?>,194.179.126.154,65142,PA_PA,0.0,0.0,8223,1119577,448464,flow=Background
2011/08/10 09:46:53.202954,3504.321533,udp,147.32.84.229,13363,  <->,81.104.184.70,3512,CON,0.0,0.0,138,21876,12885,flow=Background-UDP-Established
2011/08/10 09:46:53.205445,3596.575439,tcp,147.32.84.229,13363,  <?>,145.53.199.214,65267,PA_PA,0.0,0.0,419,40219,18279,flow=Background
2011/08/10 09:46:53.205459,110.54308300000001,tcp,147.32.84.229,80,  <?>,90.42.60.138,4425,PA_RPA,0.0,0.0,21,2440,1658,flow=Background
2011/08/10 09:46:53.216412,3383.340332,udp,81.96.196.10,65134,  <->,147.32.84.229,13363,CON,0.0,0.0,22,3340,1684,flow=Background-UDP-Established
2011/08/10 09:46:53.220499,636.61615,tcp,147.32.86.194,2067,   ->,195.113.232.96,80,FSPA_FSRPA,0.0,0.0,126,110778,6121,flow=Background-TCP-Established
2011/08/10 09:46:53.220784,0.001507,udp,77.37.201.25,45141,  <->,147.32.84.229,13363,CON,0.0,0.0,2,566,76,flow=Background-UDP-Established
2011/08/10 09:46:53.222297,3586.6838380000004,udp,147.32.84.229,13363,  <->,216.113.82.229,22903,CON,0.0,0.0,48,5986,1734,flow=Background-UDP-Established
2011/08/10 09:46:53.223365,3597.4375,tcp,212.170.156.80,22719,  <?>,147.32.84.229,443,PA_PA,0.0,0.0,4036,445235,238088,flow=Background
2011/08/10 09:46:53.242421,3105.935303,udp,95.31.15.58,21402,  <->,147.32.84.229,13363,CON,0.0,0.0,22,3750,1811,flow=Background-UDP-Established
2011/08/10 09:46:53.245502,3324.88916,udp,86.177.90.166,16655,  <->,147.32.84.229,13363,CON,0.0,0.0,10,2246,1945,flow=Background-UDP-Established
2011/08/10 09:46:53.246263,1037.2613529999999,udp,147.32.84.59,6881,  <->,188.11.68.124,6881,CON,0.0,0.0,2,214,107,flow=Background-Established-cmpgw-CVUT
2011/08/10 09:46:53.250111,3599.953857,tcp,90.183.101.184,554,  <?>,147.32.86.89,3925,PA_PA,0.0,0.0,19678,15918352,15514984,flow=Background
2011/08/10 09:46:53.254760,3599.947021,tcp,81.12.164.18,1348,  <?>,147.32.84.229,443,PA_PA,0.0,0.0,3851,344620,176278,flow=Background
2011/08/10 09:46:53.255644,3518.4560549999997,udp,147.32.84.229,13363,  <->,77.85.252.195,63310,CON,0.0,0.0,38,6079,1291,flow=Background-UDP-Established
2011/08/10 09:46:53.256485,3053.651123,udp,201.243.98.47,33519,  <->,147.32.84.229,13363,CON,0.0,0.0,10,1220,910,flow=Background-UDP-Established
2011/08/10 09:46:53.264699,0.000916,udp,118.209.60.180,27147,  <->,147.32.84.229,13363,CON,0.0,0.0,2,136,76,flow=Background-UDP-Established
2011/08/10 09:46:53.266010,1202.3573,udp,77.85.152.108,21377,  <->,147.32.84.229,13363,CON,0.0,0.0,4,482,358,flow=Background-UDP-Established
2011/08/10 09:46:53.266024,0.000377,udp,65.189.197.181,28351,  <->,147.32.84.229,13363,CON,0.0,0.0,2,159,99,flow=Background-UDP-Established
2011/08/10 09:46:53.267015,3583.31958,tcp,147.32.84.229,443,  <?>,81.30.240.226,4490,PA_PA,0.0,0.0,284,37784,10727,flow=Background
2011/08/10 09:46:53.270018,30.013702000000002,tcp,213.123.60.93,54094,  <?>,147.32.84.229,13363,FPA_FPA,0.0,0.0,51,7234,3982,flow=Background
2011/08/10 09:46:53.276508,3188.407471,udp,84.43.145.215,56122,  <->,147.32.84.229,13363,CON,0.0,0.0,4,274,154,flow=Background-UDP-Established
2011/08/10 09:46:53.285035,57.42128,udp,83.55.71.107,45174,  <->,147.32.84.229,13363,CON,0.0,0.0,10,670,370,flow=Background-UDP-Established
2011/08/10 09:46:53.285049,0.001207,udp,211.75.185.229,39693,  <->,147.32.84.229,13363,CON,0.0,0.0,2,602,75,flow=Background-UDP-Established
2011/08/10 09:46:53.285861,2531.9765620000003,tcp,81.6.98.107,18924,  <?>,147.32.84.229,443,PA_PA,0.0,0.0,3314,336621,189061,flow=Background
2011/08/10 09:46:53.286715,647.0962519999999,udp,196.201.203.98,7118,  <->,147.32.84.229,13363,CON,0.0,0.0,24,5620,4898,flow=Background-UDP-Established
2011/08/10 09:46:53.292260,5.254536,udp,80.27.103.28,1658,  <->,147.32.84.229,13363,CON,0.0,0.0,8,548,295,flow=Background-UDP-Established
2011/08/10 09:46:53.292439,2405.794678,udp,24.228.42.112,53524,  <->,147.32.84.229,13363,CON,0.0,0.0,10,1492,350,flow=Background-UDP-Established
2011/08/10 09:46:53.296262,107.821877,tcp,74.125.232.215,443,  <?>,147.32.85.5,40057,FPA_FPA,0.0,0.0,20,2096,1343,flow=Background
2011/08/10 09:46:53.304604,116.40646399999999,tcp,217.203.159.131,57973,  <?>,147.32.85.84,13716,FPA_FPA,0.0,0.0,62,6190,2905,flow=Background
2011/08/10 09:46:53.309143,0.001078,udp,120.203.91.212,9211,  <->,147.32.84.229,13363,CON,0.0,0.0,2,557,77,flow=Background-UDP-Established
2011/08/10 09:46:53.310913,3599.219482,tcp,212.55.237.42,33642,  <?>,147.32.84.229,443,PA_PA,0.0,0.0,2893,238311,140679,flow=Background
2011/08/10 09:46:53.311693,3371.3168950000004,udp,147.32.84.146,48609,  <->,208.75.88.4,123,CON,0.0,0.0,52,4680,2340,flow=Background-UDP-NTP-Established-1
2011/08/10 09:46:53.311707,3545.7597659999997,udp,147.32.84.229,13363,  <->,90.146.174.188,37240,CON,0.0,0.0,60,6674,4517,flow=Background-UDP-Established
2011/08/10 09:46:53.326563,2.780914,tcp,88.102.51.188,1301,   ->,147.32.87.36,80,FSPA_FSPA,0.0,0.0,15,7589,830,flow=To-Background-CVUT-WebServer
2011/08/10 09:46:53.328552,0.001402,udp,79.47.168.89,54230,  <->,147.32.84.229,13363,CON,0.0,0.0,2,128,68,flow=Background-UDP-Established
2011/08/10 09:46:53.328834,2166.419678,udp,76.107.202.45,6627,  <->,147.32.84.229,13363,CON,0.0,0.0,8,3239,3045,flow=Background-UDP-Established
2011/08/10 09:46:53.330328,3544.726074,udp,147.32.84.229,13363,  <->,88.201.182.160,36741,CON,0.0,0.0,126,22181,11609,flow=Background-UDP-Established
2011/08/10 09:46:53.330332,3547.043457,tcp,147.32.84.229,443,  <?>,89.236.217.18,3452,PA_PA,0.0,0.0,377,38684,16340,flow=Background
2011/08/10 09:46:53.331572,835.947571,tcp,77.124.34.143,14409,  <?>,147.32.84.229,80,PA_PA,0.0,0.0,431,46201,25903,flow=Background
2011/08/10 09:46:53.337631,288.492279,tcp,94.165.57.146,55762,  <?>,147.32.85.56,44076,FPA_FPA,0.0,0.0,41,2966,1143,flow=Background
2011/08/10 09:46:53.344529,2217.561279,rtp,213.118.148.252,44647,  <->,147.32.84.229,13363,CON,0.0,0.0,12,1593,1233,flow=Background-UDP-Established
2011/08/10 09:46:53.346951,3598.8876950000003,tcp,195.250.146.99,554,  <?>,147.32.86.99,16786,PA_PA,0.0,0.0,51576,60964440,60363789,flow=Background
2011/08/10 09:46:53.353555,44.799824,tcp,147.32.85.47,1346,  <?>,170.107.181.167,80,FPA_FPA,0.0,0.0,88,65649,9910,flow=Background
2011/08/10 09:46:53.357733,3132.282471,udp,122.49.161.50,55666,  <->,147.32.84.229,13363,CON,0.0,0.0,8,552,312,flow=Background-UDP-Established
2011/08/10 09:46:53.358196,3597.244385,udp,147.32.84.242,23,  <->,78.108.97.41,58290,CON,0.0,0.0,1144,145549,72686,flow=Background-UDP-Established
2011/08/10 09:46:53.363588,3599.216064,tcp,83.83.100.36,1070,  <?>,147.32.84.229,443,PA_PA,0.0,0.0,452,38402,22299,flow=Background
2011/08/10 09:46:53.373916,0.007923999999999999,tcp,147.32.86.84,55270,  <?>,74.125.232.194,80,FA_FA,0.0,0.0,3,198,132,flow=Background-google-analytics3
2011/08/10 09:46:53.373928,0.00837,tcp,147.32.86.84,55268,  <?>,74.125.232.194,80,FA_FA,0.0,0.0,3,198,132,flow=Background-google-analytics3
2011/08/10 09:46:53.373932,0.008214,tcp,147.32.86.84,55243,  <?>,74.125.232.194,80,FA_FA,0.0,0.0,3,198,132,flow=Background-google-analytics3
2011/08/10 09:46:53.373935,0.007898,tcp,147.32.86.84,55269,  <?>,74.125.232.194,80,FA_FA,0.0,0.0,3,198,132,flow=Background-google-analytics3
2011/08/10 09:46:53.374594,6.0350269999999995,tcp,147.32.84.59,2289,   ->,151.64.186.190,6881,S_,0.0,,2,124,124,flow=Background-Attempt-cmpgw-CVUT
2011/08/10 09:46:53.377211,3.9654220000000002,udp,119.247.92.207,47672,  <->,147.32.84.229,13363,CON,0.0,0.0,4,676,555,flow=Background-UDP-Established
2011/08/10 09:46:53.384475,10.025910000000001,tcp,147.32.86.147,35786,  <?>,74.125.232.194,80,FPA_FPA,0.0,0.0,178,131536,11099,flow=Background-google-analytics3
2011/08/10 09:46:53.385099,3.620579,tcp,147.32.86.147,35776,  <?>,74.125.232.194,80,FPA_FPA,0.0,0.0,66,47906,4303,flow=Background-google-analytics3
2011/08/10 09:46:53.387846,3581.0356450000004,pim,147.32.87.1,,   ->,224.0.0.13,,INT,0.0,,182,13584,13584,flow=Background
2011/08/10 09:46:53.398857,0.11946500000000002,udp,147.32.85.30,51403,  <->,147.32.80.9,53,CON,0.0,0.0,2,439,72,flow=To-Background-UDP-CVUT-DNS-Server
2011/08/10 09:46:53.401126,3069.005371,udp,84.215.89.9,8860,  <->,147.32.84.229,13363,CON,0.0,0.0,15,2673,1029,flow=Background-UDP-Established
2011/08/10 09:46:53.406709,0.201495,tcp,147.32.84.229,80,   ->,98.127.111.126,51548,SA_R,0.0,0.0,2,138,78,flow=Background-TCP-Established
2011/08/10 09:46:53.415894,3572.0119630000004,udp,147.32.84.59,36062,  <->,81.171.72.12,3653,CON,0.0,0.0,240,25440,12720,flow=Background-Established-cmpgw-CVUT
2011/08/10 09:46:53.417120,0.332547,udp,147.32.86.194,60020,  <->,147.32.80.9,53,CON,0.0,0.0,2,275,78,flow=To-Background-UDP-CVUT-DNS-Server
2011/08/10 09:46:53.419914,0.045668,udp,147.32.86.194,51117,  <->,147.32.80.9,53,CON,0.0,0.0,2,260,75,flow=To-Background-UDP-CVUT-DNS-Server
2011/08/10 09:46:53.421520,0.03938,udp,147.32.86.194,56191,  <->,147.32.80.9,53,CON,0.0,0.0,2,304,85,flow=To-Background-UDP-CVUT-DNS-Server
2011/08/10 09:46:53.426608,0.000352,udp,147.32.86.20,54061,  <->,147.32.80.9,53,CON,0.0,0.0,2,314,85,flow=To-Background-UDP-CVUT-DNS-Server
2011/08/10 09:46:53.427249,0.152974,tcp,147.32.86.20,4740,   ->,87.98.230.229,80,FSPA_FSPA,0.0,0.0,63,56870,1451,flow=Background-TCP-Established
2011/08/10 09:46:53.451203,0.000323,udp,147.32.86.99,60358,  <->,147.32.80.9,53,CON,0.0,0.0,2,217,76,flow=To-Background-UDP-CVUT-DNS-Server
2011/08/10 09:46:53.452709,0.0002,udp,147.32.86.99,62420,  <->,147.32.80.9,53,CON,0.0,0.0,2,216,76,flow=To-Background-UDP-CVUT-DNS-Server
2011/08/10 09:46:53.457218,2906.498535,udp,147.32.84.59,25857,  <->,62.107.124.67,7726,CON,0.0,0.0,6,396,216,flow=Background-Established-cmpgw-CVUT
2011/08/10 09:46:53.457818,3596.224854,tcp,147.32.84.59,39992,  <?>,205.188.10.245,443,PA_PA,0.0,0.0,396,47555,19509,flow=Background-Established-cmpgw-CVUT
2011/08/10 09:46:53.462855,2947.535156,tcp,79.47.168.89,50621,   ->,147.32.84.229,13363,SRPA_SPA,0.0,0.0,241,21516,13472,flow=Background-TCP-Established
2011/08/10 09:46:53.463330,0.034482,udp,147.32.86.194,57248,  <->,147.32.80.9,53,CON,0.0,0.0,2,363,71,flow=To-Background-UDP-CVUT-DNS-Server
2011/08/10 09:46:53.465797,3556.735596,udp,147.32.84.229,13363,  <->,111.255.7.126,10461,CON,0.0,0.0,34,2323,1241,flow=Background-UDP-Established
2011/08/10 09:46:53.465909,724.9393309999999,udp,147.32.84.229,13363,   ->,212.178.10.94,50239,INT,0.0,,4,596,596,flow=Background-UDP-Attempt
2011/08/10 09:46:53.467799,0.166758,udp,147.32.86.194,53848,  <->,147.32.80.9,53,CON,0.0,0.0,2,375,77,flow=To-Background-UDP-CVUT-DNS-Server
2011/08/10 09:46:53.468851,0.0,udp,124.183.252.245,53176,   ->,147.32.84.229,13363,INT,0.0,,1,86,86,flow=Background-UDP-Attempt
2011/08/10 09:46:53.469271,1201.004639,udp,147.32.84.229,13363,  <->,124.183.252.245,50167,CON,0.0,0.0,3,611,121,flow=Background-UDP-Established
2011/08/10 09:46:53.470195,3500.1381840000004,udp,147.32.84.229,13363,  <->,213.113.105.210,11564,CON,0.0,0.0,42,3350,2055,flow=Background-UDP-Established
2011/08/10 09:46:53.477036,0.0009789999999999998,udp,85.74.30.252,21645,  <->,147.32.84.229,13363,CON,0.0,0.0,2,137,77,flow=Background-UDP-Established
2011/08/10 09:46:53.478071,2645.664307,udp,114.42.219.244,28958,  <->,147.32.84.229,13363,CON,0.0,0.0,4,1126,558,flow=Background-UDP-Established
2011/08/10 09:46:53.483072,0.002924,udp,184.242.33.131,21698,  <->,147.32.84.229,13363,CON,0.0,0.0,2,574,514,flow=Background-UDP-Established
2011/08/10 09:46:53.490860,3538.139648,udp,89.236.150.110,26839,  <->,147.32.84.229,13363,CON,0.0,0.0,32,7568,2431,flow=Background-UDP-Established
2011/08/10 09:46:53.492219,0.0022559999999999998,udp,89.169.38.183,42071,  <->,147.32.84.229,13363,CON,0.0,0.0,2,557,497,flow=Background-UDP-Established
2011/08/10 09:46:53.497077,0.002493,udp,210.49.167.41,11750,  <->,147.32.84.229,13363,CON,0.0,0.0,2,136,76,flow=Background-UDP-Established
2011/08/10 09:46:53.500386,0.024968,udp,147.32.86.194,50752,  <->,147.32.80.9,53,CON,0.0,0.0,2,375,77,flow=To-Background-UDP-CVUT-DNS-Server
2011/08/10 09:46:53.503386,0.00143,udp,114.43.207.165,31468,  <->,147.32.84.229,13363,CON,0.0,0.0,2,134,74,flow=Background-UDP-Established
2011/08/10 09:46:53.507724,3546.360596,udp,147.32.86.111,62833,  <->,213.200.111.122,3478,CON,0.0,0.0,42,3843,1575,flow=Background-UDP-Established
2011/08/10 09:46:53.509279,2484.460693,udp,77.124.131.205,37143,  <->,147.32.84.229,13363,CON,0.0,0.0,4,475,351,flow=Background-UDP-Established
2011/08/10 09:46:53.513315,3595.320557,udp,78.108.97.41,44774,  <->,147.32.84.242,23,CON,0.0,0.0,880,97899,47223,flow=Background-UDP-Established
2011/08/10 09:46:53.519137,0.001637,udp,147.32.85.30,52729,  <->,147.32.80.9,53,CON,0.0,0.0,2,271,72,flow=To-Background-UDP-CVUT-DNS-Server
2011/08/10 09:46:53.521612,16.925247,tcp,147.32.85.30,49715,   ->,195.113.232.80,80,SRA_SA,0.0,0.0,4,252,186,flow=Background-TCP-Established
2011/08/10 09:46:53.521760,16.924578,tcp,147.32.85.30,49716,   ->,195.113.232.80,80,SRPA_SPA,0.0,0.0,9,2399,749,flow=Background-TCP-Established
2011/08/10 09:46:53.528139,50.308365,udp,213.160.160.151,18663,  <->,147.32.84.229,13363,CON,0.0,0.0,4,482,338,flow=Background-UDP-Established
2011/08/10 09:46:53.528994,3561.828857,tcp,147.32.84.229,13363,  <?>,195.91.109.154,20341,PA_PA,0.0,0.0,318,36764,12406,flow=Background
2011/08/10 09:46:53.535671,0.000553,tcp,74.201.117.247,80,  <?>,147.32.84.59,49394,FA_RA,0.0,0.0,3,180,60,flow=Background-Established-cmpgw-CVUT
2011/08/10 09:46:53.540217,3092.14209,udp,147.32.84.229,13363,  <->,140.164.56.22,12604,CON,0.0,0.0,23,3638,2594,flow=Background-UDP-Established
2011/08/10 09:46:53.540745,0.0,udp,147.32.84.229,13363,   ->,115.87.194.179,14758,INT,0.0,,1,87,87,flow=Background-UDP-Attempt
2011/08/10 09:46:53.540761,3431.1545409999994,udp,147.32.84.229,13363,  <->,183.88.0.239,58189,CON,0.0,0.0,13,1666,518,flow=Background-UDP-Established
2011/08/10 09:46:53.540918,0.0,udp,147.32.84.229,13363,   ->,115.87.194.179,14774,INT,0.0,,1,87,87,flow=Background-UDP-Attempt
2011/08/10 09:46:53.540932,2721.439697,udp,147.32.84.229,13363,  <->,78.141.181.223,34048,CON,0.0,0.0,17,2156,1315,flow=Background-UDP-Established
2011/08/10 09:46:53.540937,2441.838135,udp,147.32.84.229,13363,  <->,118.165.97.144,9977,CON,0.0,0.0,4,270,150,flow=Background-UDP-Established
2011/08/10 09:46:53.541099,2820.373047,udp,147.32.84.229,13363,  <->,91.127.111.247,49387,CON,0.0,0.0,16,2568,1248,flow=Background-UDP-Established
2011/08/10 09:46:53.541113,3523.4021,udp,147.32.84.229,13363,  <->,91.192.219.27,53229,CON,0.0,0.0,92,8248,5061,flow=Background-UDP-Established
2011/08/10 09:46:53.541118,3065.831299,udp,147.32.84.229,13363,  <->,114.27.75.221,6850,CON,0.0,0.0,6,400,206,flow=Background-UDP-Established
2011/08/10 09:46:53.541124,3103.567627,udp,147.32.84.229,13363,  <->,195.112.110.248,38529,CON,0.0,0.0,12,2156,1313,flow=Background-UDP-Established
2011/08/10 09:46:53.551897,8.186002,tcp,79.78.83.0,60673,   ->,147.32.84.229,13363,S_SA,0.0,0.0,12,860,374,flow=Background-TCP-Established
2011/08/10 09:46:53.568485,15.093795000000002,tcp,178.236.4.29,80,   ?>,147.32.86.141,2013,FA_,0.0,,5,300,300,flow=Background
2011/08/10 09:46:53.571031,0.062894,tcp,66.249.66.241,44895,   ->,147.32.86.92,80,FSPA_FSPA,0.0,0.0,10,1371,604,flow=Background-TCP-Established
2011/08/10 09:46:53.573871,2456.376221,udp,174.53.233.126,15772,  <->,147.32.84.229,13363,CON,0.0,0.0,8,975,305,flow=Background-UDP-Established
2011/08/10 09:46:53.576275,0.001026,udp,187.105.22.143,61837,  <->,147.32.84.229,13363,CON,0.0,0.0,2,143,82,flow=Background-UDP-Established
2011/08/10 09:46:53.578676,0.01375,tcp,74.125.232.216,443,  <?>,147.32.84.68,59592,FPA_FPA,0.0,0.0,7,1291,1030,flow=Background
2011/08/10 09:46:53.579756,1471.934448,udp,60.229.10.85,42395,  <->,147.32.84.229,13363,CON,0.0,0.0,4,1220,154,flow=Background-UDP-Established
2011/08/10 09:46:53.584480,1825.8843989999998,udp,95.60.148.50,6890,  <->,147.32.84.229,13363,CON,0.0,0.0,4,266,146,flow=Background-UDP-Established
2011/08/10 09:46:53.586959,216.798004,tcp,147.32.84.68,59593,  <?>,74.125.232.216,443,FPA_FPA,0.0,0.0,41,8452,3011,flow=Background
2011/08/10 09:46:53.589562,3540.087646,tcp,213.220.212.174,55015,  <?>,147.32.84.229,13363,PA_PA,0.0,0.0,161,17053,12643,flow=Background
2011/08/10 09:46:53.591301,0.001228,udp,213.162.68.167,20557,  <->,147.32.84.229,13363,CON,0.0,0.0,2,169,83,flow=Background-UDP-Established
2011/08/10 09:46:53.591460,146.657318,tcp,178.96.223.191,50343,  <?>,147.32.84.229,443,FRPA_FPA,0.0,0.0,32,2893,1691,flow=Background
2011/08/10 09:46:53.594606,0.0010019999999999999,udp,79.132.0.50,48163,  <->,147.32.84.229,443,CON,0.0,0.0,2,128,60,flow=Background-UDP-Established
2011/08/10 09:46:53.596471,3404.792725,udp,95.174.209.49,12149,  <->,147.32.84.229,13363,CON,0.0,0.0,30,3603,2072,flow=Background-UDP-Established
2011/08/10 09:46:53.597463,2338.685303,udp,93.155.164.122,50147,  <->,147.32.84.229,13363,CON,0.0,0.0,4,712,149,flow=Background-UDP-Established
2011/08/10 09:46:53.607068,3455.334717,udp,87.50.100.122,32076,  <->,147.32.84.229,13363,CON,0.0,0.0,16,1896,1400,flow=Background-UDP-Established
2011/08/10 09:46:53.614082,0.000907,udp,79.130.2.158,14735,  <->,147.32.84.229,13363,CON,0.0,0.0,2,243,181,flow=Background-UDP-Established
2011/08/10 09:46:53.625320,46.127319,udp,151.62.24.42,47891,  <->,147.32.84.229,13363,CON,0.0,0.0,10,1757,1176,flow=Background-UDP-Established
2011/08/10 09:46:53.628825,1.106709,udp,147.32.86.111,59053,  <->,147.32.80.9,53,CON,0.0,0.0,3,308,160,flow=To-Background-UDP-CVUT-DNS-Server
2011/08/10 09:46:53.635618,60.117946999999994,tcp,147.32.84.229,13363,   ?>,111.81.72.250,49176,FPA_,0.0,,7,724,724,flow=Background
2011/08/10 09:46:53.635712,3567.362793,tcp,147.32.84.229,13363,  <?>,85.71.29.123,11654,PA_PA,0.0,0.0,215,19858,8853,flow=Background
2011/08/10 09:46:53.635776,3562.491211,tcp,147.32.84.229,443,  <?>,62.134.46.4,49578,PA_PA,0.0,0.0,1090,117276,51445,flow=Background
2011/08/10 09:46:53.636011,3416.8698729999996,tcp,147.32.84.229,443,  <?>,193.198.99.10,31971,FPA_FPA,0.0,0.0,487,53934,22726,flow=Background
2011/08/10 09:46:53.636062,231.320358,tcp,147.32.84.229,80,  <?>,213.181.225.101,40783,PA_PA,0.0,0.0,49,5249,1831,flow=Background
2011/08/10 09:46:53.636584,1266.3691410000001,tcp,77.220.30.250,49296,  <?>,147.32.84.229,443,RPA_PA,0.0,0.0,345,34846,22447,flow=Background
2011/08/10 09:46:53.643033,0.00074,tcp,147.32.84.59,54396,  <?>,92.43.56.151,80,FA_A,0.0,0.0,2,132,66,flow=Background-Established-cmpgw-CVUT
2011/08/10 09:46:53.643037,0.00081,tcp,147.32.84.59,54392,  <?>,92.43.56.151,80,FA_A,0.0,0.0,2,132,66,flow=Background-Established-cmpgw-CVUT
2011/08/10 09:46:53.643041,0.000991,tcp,147.32.84.59,54393,  <?>,92.43.56.151,80,FA_A,0.0,0.0,2,132,66,flow=Background-Established-cmpgw-CVUT
2011/08/10 09:46:53.643219,0.000819,tcp,147.32.84.59,54391,  <?>,92.43.56.151,80,FA_A,0.0,0.0,2,132,66,flow=Background-Established-cmpgw-CVUT
2011/08/10 09:46:53.643234,0.000878,tcp,147.32.84.59,54390,  <?>,92.43.56.151,80,FA_A,0.0,0.0,2,132,66,flow=Background-Established-cmpgw-CVUT
2011/08/10 09:46:53.643237,0.000869,tcp,147.32.84.59,54394,  <?>,92.43.56.151,80,FA_A,0.0,0.0,2,132,66,flow=Background-Established-cmpgw-CVUT
2011/08/10 09:46:53.643240,0.0008759999999999999,tcp,147.32.84.59,54395,  <?>,92.43.56.151,80,FA_A,0.0,0.0,2,132,66,flow=Background-Established-cmpgw-CVUT
2011/08/10 09:46:53.643243,0.000877,tcp,147.32.84.59,54389,  <?>,92.43.56.151,80,FA_A,0.0,0.0,2,132,66,flow=Background-Established-cmpgw-CVUT
2011/08/10 09:46:53.652392,3546.819824,udp,91.148.160.38,1056,  <->,147.32.84.229,13363,CON,0.0,0.0,34,2329,1309,flow=Background-UDP-Established
2011/08/10 09:46:53.655127,2956.986328,udp,196.210.180.92,36210,  <->,147.32.84.229,13363,CON,0.0,0.0,8,2233,311,flow=Background-UDP-Established
2011/08/10 09:46:53.661860,3023.5107420000004,udp,128.122.184.9,57892,  <->,147.32.84.229,13363,CON,0.0,0.0,16,1284,800,flow=Background-UDP-Established
2011/08/10 09:46:53.666738,9.447216000000001,udp,80.249.83.9,6031,  <->,147.32.84.229,13363,CON,0.0,0.0,4,1089,548,flow=Background-UDP-Established
2011/08/10 09:46:53.667761,1471.170166,udp,147.32.84.229,13363,   ->,124.26.221.218,59520,INT,0.0,,8,1473,1473,flow=Background-UDP-Attempt
2011/08/10 09:46:53.668439,3.3391330000000004,tcp,147.32.86.147,35754,  <?>,74.125.232.194,80,FPA_FPA,0.0,0.0,108,78529,6726,flow=Background-google-analytics3
2011/08/10 09:46:53.669321,9.818662,tcp,147.32.86.147,35788,  <?>,74.125.232.194,80,FPA_FPA,0.0,0.0,162,116919,10710,flow=Background-google-analytics3
2011/08/10 09:46:53.669338,3568.358887,tcp,74.125.39.125,5223,  <?>,147.32.84.59,60875,PA_PA,0.0,0.0,342,94213,75363,flow=Background-Established-cmpgw-CVUT
2011/08/10 09:46:53.669346,3486.972168,tcp,74.125.39.125,5222,  <?>,147.32.84.59,38674,PA_A,0.0,0.0,94,17623,14521,flow=Background-Established-cmpgw-CVUT
2011/08/10 09:46:53.678971,15.093812,tcp,178.236.4.29,80,   ?>,147.32.86.141,2018,FA_,0.0,,5,300,300,flow=Background
2011/08/10 09:46:53.684856,0.00223,udp,91.138.241.52,38476,  <->,147.32.84.229,13363,CON,0.0,0.0,2,661,601,flow=Background-UDP-Established
2011/08/10 09:46:53.688263,187.516251,tcp,74.125.232.202,443,  <?>,147.32.84.59,60636,FPA_FPA,0.0,0.0,38,4207,2860,flow=Background-Established-cmpgw-CVUT
2011/08/10 09:46:53.689590,0.039120999999999996,tcp,147.32.84.59,49764,   ->,173.194.1.37,80,FSPA_FSPA,0.0,0.0,18,10475,759,flow=Background-Established-cmpgw-CVUT
2011/08/10 09:46:53.692663,3035.234375,udp,79.129.109.30,20677,  <->,147.32.84.229,13363,CON,0.0,0.0,12,1452,1080,flow=Background-UDP-Established
2011/08/10 09:46:53.694065,3288.033691,udp,208.88.186.8,34003,  <->,147.32.84.229,13363,CON,0.0,0.0,14,4085,884,flow=Background-UDP-Established
2011/08/10 09:46:53.697645,7.026184,udp,94.155.50.233,17740,  <->,147.32.84.229,13363,CON,0.0,0.0,4,735,615,flow=Background-UDP-Established
2011/08/10 09:46:53.704647,3048.114014,udp,66.65.140.99,29550,  <->,147.32.84.229,13363,CON,0.0,0.0,12,1511,1077,flow=Background-UDP-Established
2011/08/10 09:46:53.709666,3599.047607,tcp,195.250.146.6,554,  <?>,147.32.84.59,49375,PA_PA,0.0,0.0,55068,61164753,60334389,flow=Background-Established-cmpgw-CVUT
2011/08/10 09:46:53.709722,0.0019579999999999997,udp,218.160.246.114,48554,  <->,147.32.84.229,13363,CON,0.0,0.0,2,522,462,flow=Background-UDP-Established
2011/08/10 09:46:53.721106,3418.270996,udp,193.84.86.14,28587,  <->,147.32.84.229,13363,CON,0.0,0.0,10,1235,845,flow=Background-UDP-Established
2011/08/10 09:46:53.721973,3594.2307130000004,tcp,147.32.84.229,13363,  <?>,193.84.86.14,2374,PA_PA,0.0,0.0,1049,112804,52205,flow=Background
2011/08/10 09:46:53.726063,3599.994385,tcp,194.228.143.168,22769,  <?>,147.32.84.229,13363,PA_PA,0.0,0.0,665,64294,38172,flow=Background
2011/08/10 09:46:53.731553,0.001731,udp,93.109.110.181,49232,  <->,147.32.84.229,13363,CON,0.0,0.0,2,525,465,flow=Background-UDP-Established
2011/08/10 09:46:53.743644,2775.8330079999996,udp,147.32.84.229,13363,  <->,58.170.170.187,26245,CON,0.0,0.0,10,1065,344,flow=Background-UDP-Established
2011/08/10 09:46:53.754072,2446.648682,udp,89.215.71.16,50197,  <->,147.32.84.229,13363,CON,0.0,0.0,8,538,298,flow=Background-UDP-Established
2011/08/10 09:46:53.755080,1591.794556,udp,147.32.84.229,13363,   ->,71.66.228.58,9892,INT,0.0,,5,381,381,flow=Background-UDP-Attempt
2011/08/10 09:46:53.762176,0.39558000000000004,udp,213.255.82.46,51313,  <->,147.32.84.229,13363,CON,0.0,0.0,2,261,181,flow=Background-UDP-Established
2011/08/10 09:46:53.762603,1900.7556149999998,udp,89.28.105.80,51838,  <->,147.32.84.229,13363,CON,0.0,0.0,6,487,217,flow=Background-UDP-Established
2011/08/10 09:46:53.763515,3591.473389,tcp,147.32.84.229,13363,  <?>,93.56.35.22,1048,PA_PA,0.0,0.0,587,58970,24418,flow=Background
2011/08/10 09:46:53.764034,3048.678467,udp,89.45.153.140,14412,  <->,147.32.84.229,13363,CON,0.0,0.0,4,272,152,flow=Background-UDP-Established
2011/08/10 09:46:53.770142,0.000987,tcp,147.32.80.13,80,  <?>,147.32.84.3,48024,FPA_FPA,0.0,0.0,9,705,348,flow=From-Background-CVUT-Proxy
2011/08/10 09:46:53.771134,3599.235352,udp,147.32.80.13,514,   ->,147.32.84.138,2990,INT,0.0,,12441,10742562,10742562,flow=From-Background-CVUT-Proxy
2011/08/10 09:46:53.771313,3599.235352,icmp,147.32.84.138,0x0303,   ->,147.32.80.13,0xae0b,URP,0.0,,2941,1641273,1641273,flow=To-Background-CVUT-Proxy
2011/08/10 09:46:53.786780,252.92430099999999,tcp,147.32.84.3,58607,  <?>,147.32.80.13,80,FPA_FPA,0.0,0.0,34,5582,3331,flow=To-Background-CVUT-Proxy
2011/08/10 09:46:53.793584,0.001196,udp,60.247.101.19,48165,  <->,147.32.84.229,13363,CON,0.0,0.0,2,588,76,flow=Background-UDP-Established
2011/08/10 09:46:53.795548,3585.821045,udp,78.141.179.8,34036,  <->,147.32.84.229,13363,CON,0.0,0.0,6,976,673,flow=Background-UDP-Established
2011/08/10 09:46:53.800952,1206.906982,udp,72.55.140.87,48225,  <->,147.32.84.229,13363,CON,0.0,0.0,4,266,146,flow=Background-UDP-Established
2011/08/10 09:46:53.806657,0.001275,udp,124.155.44.8,8687,  <->,147.32.84.229,13363,CON,0.0,0.0,2,137,77,flow=Background-UDP-Established
2011/08/10 09:46:53.809082,2103.76001,tcp,147.32.84.229,13363,  <?>,94.111.102.205,56169,PA_PA,0.0,0.0,415,39141,14916,flow=Background
2011/08/10 09:46:53.812141,10.962749,tcp,79.78.83.0,60679,   ->,147.32.84.229,80,S_SA,0.0,0.0,18,1304,608,flow=Background-TCP-Established
2011/08/10 09:46:53.816441,2580.350098,udp,84.153.166.239,19207,   ->,147.32.86.165,12114,INT,0.0,,10,1959,1959,flow=Background-UDP-Attempt
2011/08/10 09:46:53.825630,78.975937,tcp,147.32.86.187,49556,  <?>,195.113.232.82,80,FA_FA,0.0,0.0,7,432,240,flow=Background
2011/08/10 09:46:53.838770,0.000206,udp,147.32.84.16,60389,  <->,147.32.80.9,53,CON,0.0,0.0,2,211,78,flow=To-Background-UDP-CVUT-DNS-Server
2011/08/10 09:46:53.839128,0.00016299999999999998,udp,147.32.84.16,37443,  <->,147.32.80.9,53,CON,0.0,0.0,2,232,91,flow=To-Background-UDP-CVUT-DNS-Server
2011/08/10 09:46:53.839415,0.00042800000000000005,udp,147.32.84.16,39300,  <->,147.32.80.9,53,CON,0.0,0.0,2,301,78,flow=To-Background-UDP-CVUT-DNS-Server
2011/08/10 09:46:53.840118,7.149952000000001,tcp,147.32.84.16,33079,   ->,147.32.192.127,443,SRPA_FSRPA,0.0,0.0,33,17595,2326,flow=Background-TCP-Established
2011/08/10 09:46:53.841989,1.208077,tcp,147.32.84.19,995,  <?>,89.24.7.87,33445,FRPA_PA,0.0,0.0,43,26740,25424,flow=Background
2011/08/10 09:46:53.843708,1754.8845210000002,udp,84.123.27.242,11813,  <->,147.32.84.229,13363,CON,0.0,0.0,8,3213,182,flow=Background-UDP-Established
2011/08/10 09:46:53.851240,3045.629639,udp,147.32.84.229,13363,  <->,81.165.46.181,9836,CON,0.0,0.0,16,1556,1076,flow=Background-UDP-Established
2011/08/10 09:46:53.858979,3168.750732,udp,89.208.216.118,18679,  <->,147.32.84.229,13363,CON,0.0,0.0,12,1143,776,flow=Background-UDP-Established
2011/08/10 09:46:53.864669,2593.7270510000003,udp,171.64.245.206,22518,  <->,147.32.84.229,13363,CON,0.0,0.0,6,917,737,flow=Background-UDP-Established
2011/08/10 09:46:53.867415,63.281677,udp,2.104.91.251,44593,  <->,147.32.84.229,13363,CON,0.0,0.0,26,1729,949,flow=Background-UDP-Established
2011/08/10 09:46:53.867727,2410.2895510000003,udp,217.165.88.133,61743,  <->,147.32.84.229,13363,CON,0.0,0.0,4,270,150,flow=Background-UDP-Established
2011/08/10 09:46:53.870745,0.000281,udp,147.32.84.138,51335,  <->,147.32.80.9,53,CON,0.0,0.0,2,214,81,flow=To-Background-UDP-CVUT-DNS-Server
2011/08/10 09:46:53.870805,0.000278,udp,147.32.84.138,44242,  <->,147.32.80.9,53,CON,0.0,0.0,2,214,81,flow=To-Background-UDP-CVUT-DNS-Server
2011/08/10 09:46:53.873062,3541.022217,udp,147.32.87.40,123,  <->,147.231.100.5,123,CON,0.0,0.0,112,10080,5040,flow=Background-UDP-NTP-Established-1
2011/08/10 09:46:53.873280,3047.358398,udp,95.148.153.79,25274,  <->,147.32.84.229,13363,CON,0.0,0.0,4,280,160,flow=Background-UDP-Established
2011/08/10 09:46:53.874149,3475.116943,udp,147.32.84.229,13363,   ->,88.216.50.69,48133,INT,0.0,,8,586,586,flow=Background-UDP-Attempt
2011/08/10 09:46:53.879485,0.00022,udp,147.32.84.138,60410,  <->,147.32.80.9,53,CON,0.0,0.0,2,214,81,flow=To-Background-UDP-CVUT-DNS-Server
2011/08/10 09:46:53.879588,0.00023799999999999998,udp,147.32.84.138,51477,  <->,147.32.80.9,53,CON,0.0,0.0,2,214,81,flow=To-Background-UDP-CVUT-DNS-Server
2011/08/10 09:46:53.885665,3328.385986,udp,98.243.178.193,57753,  <->,147.32.84.229,13363,CON,0.0,0.0,6,1237,609,flow=Background-UDP-Established
2011/08/10 09:46:53.887395,0.00018999999999999998,udp,147.32.84.138,50279,  <->,147.32.80.9,53,CON,0.0,0.0,2,214,81,flow=To-Background-UDP-CVUT-DNS-Server
2011/08/10 09:46:53.887404,0.00023199999999999997,udp,147.32.84.138,38233,  <->,147.32.80.9,53,CON,0.0,0.0,2,214,81,flow=To-Background-UDP-CVUT-DNS-Server
2011/08/10 09:46:53.891728,3075.341553,udp,93.97.178.23,14899,  <->,147.32.84.229,13363,CON,0.0,0.0,8,956,708,flow=Background-UDP-Established
2011/08/10 09:46:53.894458,0.00023700000000000001,udp,147.32.84.138,54107,  <->,147.32.80.9,53,CON,0.0,0.0,2,214,81,flow=To-Background-UDP-CVUT-DNS-Server
2011/08/10 09:46:53.894464,0.000279,udp,147.32.84.138,48579,  <->,147.32.80.9,53,CON,0.0,0.0,2,214,81,flow=To-Background-UDP-CVUT-DNS-Server
2011/08/10 09:46:53.897102,0.00045099999999999996,udp,147.32.84.25,60446,  <->,147.32.80.9,53,CON,0.0,0.0,2,377,75,flow=To-Background-UDP-CVUT-DNS-Server
2011/08/10 09:46:53.897109,0.00045,udp,147.32.84.25,60446,  <->,147.32.80.9,53,CON,0.0,0.0,2,227,75,flow=To-Background-UDP-CVUT-DNS-Server
2011/08/10 09:46:53.898158,429.65450999999996,tcp,147.32.84.25,42493,   ->,74.125.232.215,80,FSPA_FSPA,0.0,0.0,81,25951,16443,flow=Background-TCP-Established
2011/08/10 09:46:53.899163,0.00022400000000000002,udp,147.32.84.138,52620,  <->,147.32.80.9,53,CON,0.0,0.0,2,214,81,flow=To-Background-UDP-CVUT-DNS-Server
2011/08/10 09:46:53.899177,0.00022400000000000002,udp,147.32.84.138,47562,  <->,147.32.80.9,53,CON,0.0,0.0,2,214,81,flow=To-Background-UDP-CVUT-DNS-Server
2011/08/10 09:46:53.904057,0.00025699999999999996,udp,147.32.84.138,43130,  <->,147.32.80.9,53,CON,0.0,0.0,2,214,81,flow=To-Background-UDP-CVUT-DNS-Server
2011/08/10 09:46:53.904063,0.000301,udp,147.32.84.138,36377,  <->,147.32.80.9,53,CON,0.0,0.0,2,214,81,flow=To-Background-UDP-CVUT-DNS-Server
2011/08/10 09:46:53.906871,0.000771,udp,76.200.191.26,34103,  <->,147.32.84.229,13363,CON,0.0,0.0,2,139,79,flow=Background-UDP-Established
2011/08/10 09:46:53.917707,2380.030518,udp,99.169.203.10,51751,  <->,147.32.84.229,13363,CON,0.0,0.0,6,1572,576,flow=Background-UDP-Established
2011/08/10 09:46:53.922554,0.002062,udp,174.7.122.164,42944,  <->,147.32.84.229,13363,CON,0.0,0.0,2,522,462,flow=Background-UDP-Established
2011/08/10 09:46:53.931985,3540.088135,tcp,83.240.71.78,3273,  <?>,147.32.84.229,13363,PA_PA,0.0,0.0,264,31824,24386,flow=Background
2011/08/10 09:46:53.941766,1228.907349,udp,119.30.39.87,59644,  <->,147.32.84.229,13363,CON,0.0,0.0,48,8171,6702,flow=Background-UDP-Established
2011/08/10 09:46:53.942895,3535.920898,tcp,195.160.252.45,28596,  <?>,147.32.84.229,13363,PA_PA,0.0,0.0,234,18856,11237,flow=Background
2011/08/10 09:46:53.944302,4.006963,udp,220.134.36.115,1478,   ->,147.32.86.165,12114,INT,0.0,,2,228,228,flow=Background-UDP-Attempt
2011/08/10 09:46:53.959263,16.48753,tcp,147.32.85.30,49717,   ->,209.85.148.147,80,SRPA_SPA,0.0,0.0,9,1766,1102,flow=Background-TCP-Established
2011/08/10 09:46:53.959837,16.486506,tcp,147.32.85.30,49718,   ->,209.85.148.147,80,SRA_SA,0.0,0.0,4,252,186,flow=Background-TCP-Established
2011/08/10 09:46:53.961708,0.000354,udp,147.32.85.30,59654,  <->,147.32.80.9,53,CON,0.0,0.0,2,238,76,flow=To-Background-UDP-CVUT-DNS-Server
2011/08/10 09:46:53.962909,0.00018,udp,147.32.85.30,57428,  <->,147.32.80.9,53,CON,0.0,0.0,2,197,76,flow=To-Background-UDP-CVUT-DNS-Server
2011/08/10 09:46:53.963877,16.48258,tcp,147.32.85.30,49719,   ->,69.63.190.10,80,SRPA_SPA,0.0,0.0,26,15234,5278,flow=Background-TCP-Established
2011/08/10 09:46:53.963968,16.482820999999998,tcp,147.32.85.30,49720,   ->,69.63.190.10,80,SRPA_SPA,0.0,0.0,99,93371,3700,flow=Background-TCP-Established
2011/08/10 09:46:53.966610,3.1855900000000004,tcp,147.32.192.127,443,  <?>,147.32.84.59,47112,FPA_FA,0.0,0.0,6,433,235,flow=Background-Established-cmpgw-CVUT
2011/08/10 09:46:53.969394,992.2338869999999,udp,115.108.3.145,11860,  <->,147.32.84.229,13363,CON,0.0,0.0,4,272,152,flow=Background-UDP-Established
2011/08/10 09:46:53.970445,3436.8183590000003,udp,147.32.84.229,13363,   ->,2.220.218.105,59887,INT,0.0,,20,3040,3040,flow=Background-UDP-Attempt
2011/08/10 09:46:53.972093,3596.6145020000004,udp,147.32.85.84,13716,   ->,67.165.21.169,61192,INT,0.0,,18,1584,1584,flow=Background-UDP-Attempt
2011/08/10 09:46:53.972099,3596.6145020000004,udp,147.32.85.84,13716,   ->,192.0.1.0,1000,INT,0.0,,18,1692,1692,flow=Background-UDP-Attempt
2011/08/10 09:46:53.973082,2996.498535,icmp,195.113.235.89,0x0003,   ->,147.32.85.84,0xc000,URN,0.0,,4,280,280,flow=Background
2011/08/10 09:46:53.977342,3512.116211,udp,58.186.182.107,7248,  <->,147.32.84.229,13363,CON,0.0,0.0,4,266,146,flow=Background-UDP-Established
2011/08/10 09:46:53.977987,3585.290283,tcp,195.212.29.188,47781,  <?>,147.32.84.229,13363,PA_PA,0.0,0.0,503,45809,22943,flow=Background
2011/08/10 09:46:53.979644,3586.703125,tcp,147.32.84.46,10010,  <?>,147.32.3.51,4147,PA_PA,0.0,0.0,1788,395330,58282,flow=Background
2011/08/10 09:46:53.980358,1124.369263,udp,175.145.89.85,1024,  <->,147.32.84.229,13363,CON,0.0,0.0,40,10977,9776,flow=Background-UDP-Established
2011/08/10 09:46:53.987495,0.0009050000000000001,udp,212.248.66.74,16225,  <->,147.32.84.229,13363,CON,0.0,0.0,2,135,75,flow=Background-UDP-Established
2011/08/10 09:46:53.990906,2679.296143,udp,46.35.166.79,30434,  <->,147.32.84.229,13363,CON,0.0,0.0,4,284,164,flow=Background-UDP-Established
2011/08/10 09:46:54.003882,0.000973,udp,2.102.41.58,62774,  <->,147.32.84.229,13363,CON,0.0,0.0,2,128,68,flow=Background-UDP-Established
2011/08/10 09:46:54.003888,3344.18457,udp,147.32.84.59,61615,   ->,147.32.96.112,51058,INT,0.0,,22,3319,3319,flow=Background-Attempt-cmpgw-CVUT
2011/08/10 09:46:54.014732,3599.389404,tcp,213.16.245.175,42063,  <?>,147.32.84.229,13363,PA_PA,0.0,0.0,2494,243385,129785,flow=Background
2011/08/10 09:46:54.015228,3596.687744,arp,147.32.87.78,,  who,147.32.87.78,,INT,,,656,39360,39360,flow=Background
2011/08/10 09:46:54.015719,3447.6987299999996,udp,147.32.84.229,13363,  <->,195.251.161.149,8486,CON,0.0,0.0,66,9013,5641,flow=Background-UDP-Established
2011/08/10 09:46:54.015797,3447.6992189999996,udp,147.32.84.229,13363,  <->,149.5.45.6,43038,CON,0.0,0.0,44,5212,3609,flow=Background-UDP-Established
2011/08/10 09:46:54.019960,1.7504490000000001,udp,217.203.136.107,37544,  <->,147.32.84.229,13363,CON,0.0,0.0,4,492,334,flow=Background-UDP-Established
2011/08/10 09:46:54.023678,0.445291,udp,147.32.86.111,54823,  <->,147.32.1.20,53,CON,0.0,0.0,2,313,76,flow=To-Background-UDP-CVUT-DNS-Server
